Nextflow 26.04.6 is available - Please consider updating your version to it

 N E X T F L O W   ~  version 25.04.6

WARN: It appears you have never run this project before -- Option `-resume` is ignored
Launching `./main.nf` [berserk_varahamihira] DSL2 - revision: 97b9669b69

[-        ] POP…APPING:READ_TRIMMING:FASTP -
[-        ] POP…EADS_MAPPING:BWAMEM2_INDEX -
[-        ] POP…RKDUP_COVERAGE:BWAMEM2_MEM -
[-        ] POP…RAGE:PICARD_MARKDUPLICATES -
[-        ] POP…UP_COVERAGE:SAMTOOLS_INDEX -

[-        ] POP…APPING:READ_TRIMMING:FASTP -
[-        ] POP…EADS_MAPPING:BWAMEM2_INDEX -
[-        ] POP…RKDUP_COVERAGE:BWAMEM2_MEM -
[-        ] POP…RAGE:PICARD_MARKDUPLICATES -
[-        ] POP…UP_COVERAGE:SAMTOOLS_INDEX -
[-        ] POP…UP_COVERAGE:COVERAGE_STATS -
[-        ] POP…P_COVERAGE:GENOME_COVERAGE -
[-        ] POP…W:PREPARE_REFERENCE:GUNZIP -
[-        ] POP…E_REFERENCE:SAMTOOLS_FAIDX -
[-        ] POP…4_CREATESEQUENCEDICTIONARY -
[-        ] POP…LING:GATK4_HAPLOTYPECALLER -
[-        ] POP…CALLING:GATK4_COMBINEGVCFS -
[-        ] POP…ING:GATK4_INDEXFEATUREFILE -
[-        ] POP…ALLING:GATK4_GENOTYPEGVCFS -
[-        ] POP…LTERING:VARIANT_FILTRATION -
[-        ] POP…_FILTERING:SELECT_VARIANTS -

[-        ] POP…APPING:READ_TRIMMING:FASTP -
[-        ] POP…EADS_MAPPING:BWAMEM2_INDEX -
[-        ] POP…RKDUP_COVERAGE:BWAMEM2_MEM -
[-        ] POP…RAGE:PICARD_MARKDUPLICATES -
[-        ] POP…UP_COVERAGE:SAMTOOLS_INDEX -
[-        ] POP…UP_COVERAGE:COVERAGE_STATS -
[-        ] POP…P_COVERAGE:GENOME_COVERAGE -
[-        ] POP…W:PREPARE_REFERENCE:GUNZIP -
[-        ] POP…E_REFERENCE:SAMTOOLS_FAIDX -
[-        ] POP…4_CREATESEQUENCEDICTIONARY -
[-        ] POP…LING:GATK4_HAPLOTYPECALLER -
[-        ] POP…CALLING:GATK4_COMBINEGVCFS -
[-        ] POP…ING:GATK4_INDEXFEATUREFILE -
[-        ] POP…ALLING:GATK4_GENOTYPEGVCFS -
[-        ] POP…LTERING:VARIANT_FILTRATION -
[-        ] POP…_FILTERING:SELECT_VARIANTS -
[-        ] POP…IANT_FILTERING:FILTER_SNPS -
[-        ] POP…_FILTERING:ADD_VARIANT_IDS -
[GATK CreateSequenceDictionary] Available memory not known - defaulting to 6GB. Specify process memory requirements to change this.
Pulling Singularity image https://depot.galaxyproject.org/singularity/bwa-mem2:2.2.1--he513fc3_0 [cache /scratch/pawsey1142/kgagalova/pop_analysis/test_fastp/MycoPops/singularity_cache/depot.galaxyproject.org-singularity-bwa-mem2-2.2.1--he513fc3_0.img]
Pulling Singularity image https://community-cr-prod.seqera.io/docker/registry/v2/blobs/sha256/55/556474e164daf5a5e218cd5d497681dcba0645047cf24698f88e3e078eacbd09/data [cache /scratch/pawsey1142/kgagalova/pop_analysis/test_fastp/MycoPops/singularity_cache/community-cr-prod.seqera.io-docker-registry-v2-blobs-sha256-55-556474e164daf5a5e218cd5d497681dcba0645047cf24698f88e3e078eacbd09-data.img]
Pulling Singularity image https://depot.galaxyproject.org/singularity/gatk4:4.6.2.0--py310hdfd78af_1 [cache /scratch/pawsey1142/kgagalova/pop_analysis/test_fastp/MycoPops/singularity_cache/depot.galaxyproject.org-singularity-gatk4-4.6.2.0--py310hdfd78af_1.img]
Pulling Singularity image https://community-cr-prod.seqera.io/docker/registry/v2/blobs/sha256/e9/e994bf4eb3731150511a14f5706b7bdfd64df1b6d40898fff334286c027e0859/data [cache /scratch/pawsey1142/kgagalova/pop_analysis/test_fastp/MycoPops/singularity_cache/community-cr-prod.seqera.io-docker-registry-v2-blobs-sha256-e9-e994bf4eb3731150511a14f5706b7bdfd64df1b6d40898fff334286c027e0859-data.img]

[-        ] POP…APPING:READ_TRIMMING:FASTP -
[-        ] POP…EADS_MAPPING:BWAMEM2_INDEX | 0 of 1
[-        ] POP…RKDUP_COVERAGE:BWAMEM2_MEM -
[-        ] POP…RAGE:PICARD_MARKDUPLICATES -
[-        ] POP…UP_COVERAGE:SAMTOOLS_INDEX -
[-        ] POP…UP_COVERAGE:COVERAGE_STATS -
[-        ] POP…P_COVERAGE:GENOME_COVERAGE -
[-        ] POP…W:PREPARE_REFERENCE:GUNZIP -
[-        ] POP…E_REFERENCE:SAMTOOLS_FAIDX -
[-        ] POP…4_CREATESEQUENCEDICTIONARY -
[-        ] POP…LING:GATK4_HAPLOTYPECALLER -
[-        ] POP…CALLING:GATK4_COMBINEGVCFS -
[-        ] POP…ING:GATK4_INDEXFEATUREFILE -
[-        ] POP…ALLING:GATK4_GENOTYPEGVCFS -
[-        ] POP…LTERING:VARIANT_FILTRATION -
[-        ] POP…_FILTERING:SELECT_VARIANTS -
[-        ] POP…IANT_FILTERING:FILTER_SNPS -
[-        ] POP…_FILTERING:ADD_VARIANT_IDS -
[GATK CreateSequenceDictionary] Available memory not known - defaulting to 6GB. Specify process memory requirements to change this.
Pulling Singularity image https://depot.galaxyproject.org/singularity/bwa-mem2:2.2.1--he513fc3_0 [cache /scratch/pawsey1142/kgagalova/pop_analysis/test_fastp/MycoPops/singularity_cache/depot.galaxyproject.org-singularity-bwa-mem2-2.2.1--he513fc3_0.img]
Pulling Singularity image https://community-cr-prod.seqera.io/docker/registry/v2/blobs/sha256/55/556474e164daf5a5e218cd5d497681dcba0645047cf24698f88e3e078eacbd09/data [cache /scratch/pawsey1142/kgagalova/pop_analysis/test_fastp/MycoPops/singularity_cache/community-cr-prod.seqera.io-docker-registry-v2-blobs-sha256-55-556474e164daf5a5e218cd5d497681dcba0645047cf24698f88e3e078eacbd09-data.img]
Pulling Singularity image https://depot.galaxyproject.org/singularity/gatk4:4.6.2.0--py310hdfd78af_1 [cache /scratch/pawsey1142/kgagalova/pop_analysis/test_fastp/MycoPops/singularity_cache/depot.galaxyproject.org-singularity-gatk4-4.6.2.0--py310hdfd78af_1.img]
Pulling Singularity image https://community-cr-prod.seqera.io/docker/registry/v2/blobs/sha256/e9/e994bf4eb3731150511a14f5706b7bdfd64df1b6d40898fff334286c027e0859/data [cache /scratch/pawsey1142/kgagalova/pop_analysis/test_fastp/MycoPops/singularity_cache/community-cr-prod.seqera.io-docker-registry-v2-blobs-sha256-e9-e994bf4eb3731150511a14f5706b7bdfd64df1b6d40898fff334286c027e0859-data.img]

executor >  slurm (1)
[-        ] POP…APPING:READ_TRIMMING:FASTP -
[d0/0b04a7] POP…Bgt_USA_2_genome_v1.fasta) | 0 of 1
[-        ] POP…RKDUP_COVERAGE:BWAMEM2_MEM -
[-        ] POP…RAGE:PICARD_MARKDUPLICATES -
[-        ] POP…UP_COVERAGE:SAMTOOLS_INDEX -
[-        ] POP…UP_COVERAGE:COVERAGE_STATS -
[-        ] POP…P_COVERAGE:GENOME_COVERAGE -
[-        ] POP…W:PREPARE_REFERENCE:GUNZIP -
[-        ] POP…E_REFERENCE:SAMTOOLS_FAIDX -
[-        ] POP…4_CREATESEQUENCEDICTIONARY -
[-        ] POP…LING:GATK4_HAPLOTYPECALLER -
[-        ] POP…CALLING:GATK4_COMBINEGVCFS -
[-        ] POP…ING:GATK4_INDEXFEATUREFILE -
[-        ] POP…ALLING:GATK4_GENOTYPEGVCFS -
[-        ] POP…LTERING:VARIANT_FILTRATION -
[-        ] POP…_FILTERING:SELECT_VARIANTS -
[-        ] POP…IANT_FILTERING:FILTER_SNPS -
[-        ] POP…_FILTERING:ADD_VARIANT_IDS -
[GATK CreateSequenceDictionary] Available memory not known - defaulting to 6GB. Specify process memory requirements to change this.
Pulling Singularity image https://depot.galaxyproject.org/singularity/bwa-mem2:2.2.1--he513fc3_0 [cache /scratch/pawsey1142/kgagalova/pop_analysis/test_fastp/MycoPops/singularity_cache/depot.galaxyproject.org-singularity-bwa-mem2-2.2.1--he513fc3_0.img]
Pulling Singularity image https://community-cr-prod.seqera.io/docker/registry/v2/blobs/sha256/55/556474e164daf5a5e218cd5d497681dcba0645047cf24698f88e3e078eacbd09/data [cache /scratch/pawsey1142/kgagalova/pop_analysis/test_fastp/MycoPops/singularity_cache/community-cr-prod.seqera.io-docker-registry-v2-blobs-sha256-55-556474e164daf5a5e218cd5d497681dcba0645047cf24698f88e3e078eacbd09-data.img]
Pulling Singularity image https://depot.galaxyproject.org/singularity/gatk4:4.6.2.0--py310hdfd78af_1 [cache /scratch/pawsey1142/kgagalova/pop_analysis/test_fastp/MycoPops/singularity_cache/depot.galaxyproject.org-singularity-gatk4-4.6.2.0--py310hdfd78af_1.img]
Pulling Singularity image https://community-cr-prod.seqera.io/docker/registry/v2/blobs/sha256/e9/e994bf4eb3731150511a14f5706b7bdfd64df1b6d40898fff334286c027e0859/data [cache /scratch/pawsey1142/kgagalova/pop_analysis/test_fastp/MycoPops/singularity_cache/community-cr-prod.seqera.io-docker-registry-v2-blobs-sha256-e9-e994bf4eb3731150511a14f5706b7bdfd64df1b6d40898fff334286c027e0859-data.img]

executor >  slurm (1)
[-        ] POP…APPING:READ_TRIMMING:FASTP -
[d0/0b04a7] POP…Bgt_USA_2_genome_v1.fasta) | 0 of 1
[-        ] POP…RKDUP_COVERAGE:BWAMEM2_MEM -
[-        ] POP…RAGE:PICARD_MARKDUPLICATES -
[-        ] POP…UP_COVERAGE:SAMTOOLS_INDEX -
[-        ] POP…UP_COVERAGE:COVERAGE_STATS -
[-        ] POP…P_COVERAGE:GENOME_COVERAGE -
[-        ] POP…W:PREPARE_REFERENCE:GUNZIP -
[-        ] POP…E_REFERENCE:SAMTOOLS_FAIDX | 0 of 1
[-        ] POP…4_CREATESEQUENCEDICTIONARY -
[-        ] POP…LING:GATK4_HAPLOTYPECALLER -
[-        ] POP…CALLING:GATK4_COMBINEGVCFS -
[-        ] POP…ING:GATK4_INDEXFEATUREFILE -
[-        ] POP…ALLING:GATK4_GENOTYPEGVCFS -
[-        ] POP…LTERING:VARIANT_FILTRATION -
[-        ] POP…_FILTERING:SELECT_VARIANTS -
[-        ] POP…IANT_FILTERING:FILTER_SNPS -
[-        ] POP…_FILTERING:ADD_VARIANT_IDS -
[GATK CreateSequenceDictionary] Available memory not known - defaulting to 6GB. Specify process memory requirements to change this.
Pulling Singularity image https://depot.galaxyproject.org/singularity/bwa-mem2:2.2.1--he513fc3_0 [cache /scratch/pawsey1142/kgagalova/pop_analysis/test_fastp/MycoPops/singularity_cache/depot.galaxyproject.org-singularity-bwa-mem2-2.2.1--he513fc3_0.img]
Pulling Singularity image https://community-cr-prod.seqera.io/docker/registry/v2/blobs/sha256/55/556474e164daf5a5e218cd5d497681dcba0645047cf24698f88e3e078eacbd09/data [cache /scratch/pawsey1142/kgagalova/pop_analysis/test_fastp/MycoPops/singularity_cache/community-cr-prod.seqera.io-docker-registry-v2-blobs-sha256-55-556474e164daf5a5e218cd5d497681dcba0645047cf24698f88e3e078eacbd09-data.img]
Pulling Singularity image https://depot.galaxyproject.org/singularity/gatk4:4.6.2.0--py310hdfd78af_1 [cache /scratch/pawsey1142/kgagalova/pop_analysis/test_fastp/MycoPops/singularity_cache/depot.galaxyproject.org-singularity-gatk4-4.6.2.0--py310hdfd78af_1.img]
Pulling Singularity image https://community-cr-prod.seqera.io/docker/registry/v2/blobs/sha256/e9/e994bf4eb3731150511a14f5706b7bdfd64df1b6d40898fff334286c027e0859/data [cache /scratch/pawsey1142/kgagalova/pop_analysis/test_fastp/MycoPops/singularity_cache/community-cr-prod.seqera.io-docker-registry-v2-blobs-sha256-e9-e994bf4eb3731150511a14f5706b7bdfd64df1b6d40898fff334286c027e0859-data.img]

executor >  slurm (1)
[-        ] POP…APPING:READ_TRIMMING:FASTP | 0 of 38
[d0/0b04a7] POP…Bgt_USA_2_genome_v1.fasta) | 0 of 1
[-        ] POP…RKDUP_COVERAGE:BWAMEM2_MEM -
[-        ] POP…RAGE:PICARD_MARKDUPLICATES -
[-        ] POP…UP_COVERAGE:SAMTOOLS_INDEX -
[-        ] POP…UP_COVERAGE:COVERAGE_STATS -
[-        ] POP…P_COVERAGE:GENOME_COVERAGE -
[-        ] POP…W:PREPARE_REFERENCE:GUNZIP -
[-        ] POP…E_REFERENCE:SAMTOOLS_FAIDX | 0 of 1
[-        ] POP…4_CREATESEQUENCEDICTIONARY | 0 of 1
[-        ] POP…LING:GATK4_HAPLOTYPECALLER -
[-        ] POP…CALLING:GATK4_COMBINEGVCFS -
[-        ] POP…ING:GATK4_INDEXFEATUREFILE -
[-        ] POP…ALLING:GATK4_GENOTYPEGVCFS -
[-        ] POP…LTERING:VARIANT_FILTRATION -
[-        ] POP…_FILTERING:SELECT_VARIANTS -
[-        ] POP…IANT_FILTERING:FILTER_SNPS -
[-        ] POP…_FILTERING:ADD_VARIANT_IDS -
[GATK CreateSequenceDictionary] Available memory not known - defaulting to 6GB. Specify process memory requirements to change this.
Pulling Singularity image https://depot.galaxyproject.org/singularity/bwa-mem2:2.2.1--he513fc3_0 [cache /scratch/pawsey1142/kgagalova/pop_analysis/test_fastp/MycoPops/singularity_cache/depot.galaxyproject.org-singularity-bwa-mem2-2.2.1--he513fc3_0.img]
Pulling Singularity image https://community-cr-prod.seqera.io/docker/registry/v2/blobs/sha256/55/556474e164daf5a5e218cd5d497681dcba0645047cf24698f88e3e078eacbd09/data [cache /scratch/pawsey1142/kgagalova/pop_analysis/test_fastp/MycoPops/singularity_cache/community-cr-prod.seqera.io-docker-registry-v2-blobs-sha256-55-556474e164daf5a5e218cd5d497681dcba0645047cf24698f88e3e078eacbd09-data.img]
Pulling Singularity image https://depot.galaxyproject.org/singularity/gatk4:4.6.2.0--py310hdfd78af_1 [cache /scratch/pawsey1142/kgagalova/pop_analysis/test_fastp/MycoPops/singularity_cache/depot.galaxyproject.org-singularity-gatk4-4.6.2.0--py310hdfd78af_1.img]
Pulling Singularity image https://community-cr-prod.seqera.io/docker/registry/v2/blobs/sha256/e9/e994bf4eb3731150511a14f5706b7bdfd64df1b6d40898fff334286c027e0859/data [cache /scratch/pawsey1142/kgagalova/pop_analysis/test_fastp/MycoPops/singularity_cache/community-cr-prod.seqera.io-docker-registry-v2-blobs-sha256-e9-e994bf4eb3731150511a14f5706b7bdfd64df1b6d40898fff334286c027e0859-data.img]

executor >  slurm (3)
[58/bc3ee5] POP…AD_TRIMMING:FASTP (395721) | 0 of 38
[d0/0b04a7] POP…Bgt_USA_2_genome_v1.fasta) | 0 of 1
[-        ] POP…RKDUP_COVERAGE:BWAMEM2_MEM -
[-        ] POP…RAGE:PICARD_MARKDUPLICATES -
[-        ] POP…UP_COVERAGE:SAMTOOLS_INDEX -
[-        ] POP…UP_COVERAGE:COVERAGE_STATS -
[-        ] POP…P_COVERAGE:GENOME_COVERAGE -
[-        ] POP…W:PREPARE_REFERENCE:GUNZIP -
[8a/754f58] POP…Bgt_USA_2_genome_v1.fasta) | 0 of 1
[-        ] POP…4_CREATESEQUENCEDICTIONARY | 0 of 1
[-        ] POP…LING:GATK4_HAPLOTYPECALLER -
[-        ] POP…CALLING:GATK4_COMBINEGVCFS -
[-        ] POP…ING:GATK4_INDEXFEATUREFILE -
[-        ] POP…ALLING:GATK4_GENOTYPEGVCFS -
[-        ] POP…LTERING:VARIANT_FILTRATION -
[-        ] POP…_FILTERING:SELECT_VARIANTS -
[-        ] POP…IANT_FILTERING:FILTER_SNPS -
[-        ] POP…_FILTERING:ADD_VARIANT_IDS -
[GATK CreateSequenceDictionary] Available memory not known - defaulting to 6GB. Specify process memory requirements to change this.
Pulling Singularity image https://depot.galaxyproject.org/singularity/bwa-mem2:2.2.1--he513fc3_0 [cache /scratch/pawsey1142/kgagalova/pop_analysis/test_fastp/MycoPops/singularity_cache/depot.galaxyproject.org-singularity-bwa-mem2-2.2.1--he513fc3_0.img]
Pulling Singularity image https://community-cr-prod.seqera.io/docker/registry/v2/blobs/sha256/55/556474e164daf5a5e218cd5d497681dcba0645047cf24698f88e3e078eacbd09/data [cache /scratch/pawsey1142/kgagalova/pop_analysis/test_fastp/MycoPops/singularity_cache/community-cr-prod.seqera.io-docker-registry-v2-blobs-sha256-55-556474e164daf5a5e218cd5d497681dcba0645047cf24698f88e3e078eacbd09-data.img]
Pulling Singularity image https://depot.galaxyproject.org/singularity/gatk4:4.6.2.0--py310hdfd78af_1 [cache /scratch/pawsey1142/kgagalova/pop_analysis/test_fastp/MycoPops/singularity_cache/depot.galaxyproject.org-singularity-gatk4-4.6.2.0--py310hdfd78af_1.img]
Pulling Singularity image https://community-cr-prod.seqera.io/docker/registry/v2/blobs/sha256/e9/e994bf4eb3731150511a14f5706b7bdfd64df1b6d40898fff334286c027e0859/data [cache /scratch/pawsey1142/kgagalova/pop_analysis/test_fastp/MycoPops/singularity_cache/community-cr-prod.seqera.io-docker-registry-v2-blobs-sha256-e9-e994bf4eb3731150511a14f5706b7bdfd64df1b6d40898fff334286c027e0859-data.img]

executor >  slurm (6)
[bd/99a667] POP…AD_TRIMMING:FASTP (395728) | 0 of 38
[d0/0b04a7] POP…Bgt_USA_2_genome_v1.fasta) | 0 of 1
[-        ] POP…RKDUP_COVERAGE:BWAMEM2_MEM -
[-        ] POP…RAGE:PICARD_MARKDUPLICATES -
[-        ] POP…UP_COVERAGE:SAMTOOLS_INDEX -
[-        ] POP…UP_COVERAGE:COVERAGE_STATS -
[-        ] POP…P_COVERAGE:GENOME_COVERAGE -
[-        ] POP…W:PREPARE_REFERENCE:GUNZIP -
[8a/754f58] POP…Bgt_USA_2_genome_v1.fasta) | 0 of 1
[-        ] POP…4_CREATESEQUENCEDICTIONARY | 0 of 1
[-        ] POP…LING:GATK4_HAPLOTYPECALLER -
[-        ] POP…CALLING:GATK4_COMBINEGVCFS -
[-        ] POP…ING:GATK4_INDEXFEATUREFILE -
[-        ] POP…ALLING:GATK4_GENOTYPEGVCFS -
[-        ] POP…LTERING:VARIANT_FILTRATION -
[-        ] POP…_FILTERING:SELECT_VARIANTS -
[-        ] POP…IANT_FILTERING:FILTER_SNPS -
[-        ] POP…_FILTERING:ADD_VARIANT_IDS -
[GATK CreateSequenceDictionary] Available memory not known - defaulting to 6GB. Specify process memory requirements to change this.
Pulling Singularity image https://depot.galaxyproject.org/singularity/bwa-mem2:2.2.1--he513fc3_0 [cache /scratch/pawsey1142/kgagalova/pop_analysis/test_fastp/MycoPops/singularity_cache/depot.galaxyproject.org-singularity-bwa-mem2-2.2.1--he513fc3_0.img]
Pulling Singularity image https://community-cr-prod.seqera.io/docker/registry/v2/blobs/sha256/55/556474e164daf5a5e218cd5d497681dcba0645047cf24698f88e3e078eacbd09/data [cache /scratch/pawsey1142/kgagalova/pop_analysis/test_fastp/MycoPops/singularity_cache/community-cr-prod.seqera.io-docker-registry-v2-blobs-sha256-55-556474e164daf5a5e218cd5d497681dcba0645047cf24698f88e3e078eacbd09-data.img]
Pulling Singularity image https://depot.galaxyproject.org/singularity/gatk4:4.6.2.0--py310hdfd78af_1 [cache /scratch/pawsey1142/kgagalova/pop_analysis/test_fastp/MycoPops/singularity_cache/depot.galaxyproject.org-singularity-gatk4-4.6.2.0--py310hdfd78af_1.img]
Pulling Singularity image https://community-cr-prod.seqera.io/docker/registry/v2/blobs/sha256/e9/e994bf4eb3731150511a14f5706b7bdfd64df1b6d40898fff334286c027e0859/data [cache /scratch/pawsey1142/kgagalova/pop_analysis/test_fastp/MycoPops/singularity_cache/community-cr-prod.seqera.io-docker-registry-v2-blobs-sha256-e9-e994bf4eb3731150511a14f5706b7bdfd64df1b6d40898fff334286c027e0859-data.img]

executor >  slurm (7)
[e5/837192] POP…AD_TRIMMING:FASTP (395722) | 0 of 38
[d0/0b04a7] POP…Bgt_USA_2_genome_v1.fasta) | 0 of 1
[-        ] POP…RKDUP_COVERAGE:BWAMEM2_MEM -
[-        ] POP…RAGE:PICARD_MARKDUPLICATES -
[-        ] POP…UP_COVERAGE:SAMTOOLS_INDEX -
[-        ] POP…UP_COVERAGE:COVERAGE_STATS -
[-        ] POP…P_COVERAGE:GENOME_COVERAGE -
[-        ] POP…W:PREPARE_REFERENCE:GUNZIP -
[8a/754f58] POP…Bgt_USA_2_genome_v1.fasta) | 0 of 1
[-        ] POP…4_CREATESEQUENCEDICTIONARY | 0 of 1
[-        ] POP…LING:GATK4_HAPLOTYPECALLER -
[-        ] POP…CALLING:GATK4_COMBINEGVCFS -
[-        ] POP…ING:GATK4_INDEXFEATUREFILE -
[-        ] POP…ALLING:GATK4_GENOTYPEGVCFS -
[-        ] POP…LTERING:VARIANT_FILTRATION -
[-        ] POP…_FILTERING:SELECT_VARIANTS -
[-        ] POP…IANT_FILTERING:FILTER_SNPS -
[-        ] POP…_FILTERING:ADD_VARIANT_IDS -
[GATK CreateSequenceDictionary] Available memory not known - defaulting to 6GB. Specify process memory requirements to change this.
Pulling Singularity image https://depot.galaxyproject.org/singularity/bwa-mem2:2.2.1--he513fc3_0 [cache /scratch/pawsey1142/kgagalova/pop_analysis/test_fastp/MycoPops/singularity_cache/depot.galaxyproject.org-singularity-bwa-mem2-2.2.1--he513fc3_0.img]
Pulling Singularity image https://community-cr-prod.seqera.io/docker/registry/v2/blobs/sha256/55/556474e164daf5a5e218cd5d497681dcba0645047cf24698f88e3e078eacbd09/data [cache /scratch/pawsey1142/kgagalova/pop_analysis/test_fastp/MycoPops/singularity_cache/community-cr-prod.seqera.io-docker-registry-v2-blobs-sha256-55-556474e164daf5a5e218cd5d497681dcba0645047cf24698f88e3e078eacbd09-data.img]
Pulling Singularity image https://depot.galaxyproject.org/singularity/gatk4:4.6.2.0--py310hdfd78af_1 [cache /scratch/pawsey1142/kgagalova/pop_analysis/test_fastp/MycoPops/singularity_cache/depot.galaxyproject.org-singularity-gatk4-4.6.2.0--py310hdfd78af_1.img]
Pulling Singularity image https://community-cr-prod.seqera.io/docker/registry/v2/blobs/sha256/e9/e994bf4eb3731150511a14f5706b7bdfd64df1b6d40898fff334286c027e0859/data [cache /scratch/pawsey1142/kgagalova/pop_analysis/test_fastp/MycoPops/singularity_cache/community-cr-prod.seqera.io-docker-registry-v2-blobs-sha256-e9-e994bf4eb3731150511a14f5706b7bdfd64df1b6d40898fff334286c027e0859-data.img]

executor >  slurm (9)
[58/2ce12b] POP…AD_TRIMMING:FASTP (395720) | 0 of 38
[d0/0b04a7] POP…Bgt_USA_2_genome_v1.fasta) | 0 of 1
[-        ] POP…RKDUP_COVERAGE:BWAMEM2_MEM -
[-        ] POP…RAGE:PICARD_MARKDUPLICATES -
[-        ] POP…UP_COVERAGE:SAMTOOLS_INDEX -
[-        ] POP…UP_COVERAGE:COVERAGE_STATS -
[-        ] POP…P_COVERAGE:GENOME_COVERAGE -
[-        ] POP…W:PREPARE_REFERENCE:GUNZIP -
[8a/754f58] POP…Bgt_USA_2_genome_v1.fasta) | 0 of 1
[-        ] POP…4_CREATESEQUENCEDICTIONARY | 0 of 1
[-        ] POP…LING:GATK4_HAPLOTYPECALLER -
[-        ] POP…CALLING:GATK4_COMBINEGVCFS -
[-        ] POP…ING:GATK4_INDEXFEATUREFILE -
[-        ] POP…ALLING:GATK4_GENOTYPEGVCFS -
[-        ] POP…LTERING:VARIANT_FILTRATION -
[-        ] POP…_FILTERING:SELECT_VARIANTS -
[-        ] POP…IANT_FILTERING:FILTER_SNPS -
[-        ] POP…_FILTERING:ADD_VARIANT_IDS -
[GATK CreateSequenceDictionary] Available memory not known - defaulting to 6GB. Specify process memory requirements to change this.
Pulling Singularity image https://depot.galaxyproject.org/singularity/bwa-mem2:2.2.1--he513fc3_0 [cache /scratch/pawsey1142/kgagalova/pop_analysis/test_fastp/MycoPops/singularity_cache/depot.galaxyproject.org-singularity-bwa-mem2-2.2.1--he513fc3_0.img]
Pulling Singularity image https://community-cr-prod.seqera.io/docker/registry/v2/blobs/sha256/55/556474e164daf5a5e218cd5d497681dcba0645047cf24698f88e3e078eacbd09/data [cache /scratch/pawsey1142/kgagalova/pop_analysis/test_fastp/MycoPops/singularity_cache/community-cr-prod.seqera.io-docker-registry-v2-blobs-sha256-55-556474e164daf5a5e218cd5d497681dcba0645047cf24698f88e3e078eacbd09-data.img]
Pulling Singularity image https://depot.galaxyproject.org/singularity/gatk4:4.6.2.0--py310hdfd78af_1 [cache /scratch/pawsey1142/kgagalova/pop_analysis/test_fastp/MycoPops/singularity_cache/depot.galaxyproject.org-singularity-gatk4-4.6.2.0--py310hdfd78af_1.img]
Pulling Singularity image https://community-cr-prod.seqera.io/docker/registry/v2/blobs/sha256/e9/e994bf4eb3731150511a14f5706b7bdfd64df1b6d40898fff334286c027e0859/data [cache /scratch/pawsey1142/kgagalova/pop_analysis/test_fastp/MycoPops/singularity_cache/community-cr-prod.seqera.io-docker-registry-v2-blobs-sha256-e9-e994bf4eb3731150511a14f5706b7bdfd64df1b6d40898fff334286c027e0859-data.img]

executor >  slurm (12)
[80/ce8932] POP…AD_TRIMMING:FASTP (395718) | 0 of 38
[d0/0b04a7] POP…Bgt_USA_2_genome_v1.fasta) | 0 of 1
[-        ] POP…RKDUP_COVERAGE:BWAMEM2_MEM -
[-        ] POP…RAGE:PICARD_MARKDUPLICATES -
[-        ] POP…UP_COVERAGE:SAMTOOLS_INDEX -
[-        ] POP…UP_COVERAGE:COVERAGE_STATS -
[-        ] POP…P_COVERAGE:GENOME_COVERAGE -
[-        ] POP…W:PREPARE_REFERENCE:GUNZIP -
[8a/754f58] POP…Bgt_USA_2_genome_v1.fasta) | 0 of 1
[-        ] POP…4_CREATESEQUENCEDICTIONARY | 0 of 1
[-        ] POP…LING:GATK4_HAPLOTYPECALLER -
[-        ] POP…CALLING:GATK4_COMBINEGVCFS -
[-        ] POP…ING:GATK4_INDEXFEATUREFILE -
[-        ] POP…ALLING:GATK4_GENOTYPEGVCFS -
[-        ] POP…LTERING:VARIANT_FILTRATION -
[-        ] POP…_FILTERING:SELECT_VARIANTS -
[-        ] POP…IANT_FILTERING:FILTER_SNPS -
[-        ] POP…_FILTERING:ADD_VARIANT_IDS -
[GATK CreateSequenceDictionary] Available memory not known - defaulting to 6GB. Specify process memory requirements to change this.
Pulling Singularity image https://depot.galaxyproject.org/singularity/bwa-mem2:2.2.1--he513fc3_0 [cache /scratch/pawsey1142/kgagalova/pop_analysis/test_fastp/MycoPops/singularity_cache/depot.galaxyproject.org-singularity-bwa-mem2-2.2.1--he513fc3_0.img]
Pulling Singularity image https://community-cr-prod.seqera.io/docker/registry/v2/blobs/sha256/55/556474e164daf5a5e218cd5d497681dcba0645047cf24698f88e3e078eacbd09/data [cache /scratch/pawsey1142/kgagalova/pop_analysis/test_fastp/MycoPops/singularity_cache/community-cr-prod.seqera.io-docker-registry-v2-blobs-sha256-55-556474e164daf5a5e218cd5d497681dcba0645047cf24698f88e3e078eacbd09-data.img]
Pulling Singularity image https://depot.galaxyproject.org/singularity/gatk4:4.6.2.0--py310hdfd78af_1 [cache /scratch/pawsey1142/kgagalova/pop_analysis/test_fastp/MycoPops/singularity_cache/depot.galaxyproject.org-singularity-gatk4-4.6.2.0--py310hdfd78af_1.img]
Pulling Singularity image https://community-cr-prod.seqera.io/docker/registry/v2/blobs/sha256/e9/e994bf4eb3731150511a14f5706b7bdfd64df1b6d40898fff334286c027e0859/data [cache /scratch/pawsey1142/kgagalova/pop_analysis/test_fastp/MycoPops/singularity_cache/community-cr-prod.seqera.io-docker-registry-v2-blobs-sha256-e9-e994bf4eb3731150511a14f5706b7bdfd64df1b6d40898fff334286c027e0859-data.img]

executor >  slurm (13)
[5d/ddb2b7] POP…AD_TRIMMING:FASTP (395725) | 0 of 38
[d0/0b04a7] POP…Bgt_USA_2_genome_v1.fasta) | 0 of 1
[-        ] POP…RKDUP_COVERAGE:BWAMEM2_MEM -
[-        ] POP…RAGE:PICARD_MARKDUPLICATES -
[-        ] POP…UP_COVERAGE:SAMTOOLS_INDEX -
[-        ] POP…UP_COVERAGE:COVERAGE_STATS -
[-        ] POP…P_COVERAGE:GENOME_COVERAGE -
[-        ] POP…W:PREPARE_REFERENCE:GUNZIP -
[8a/754f58] POP…Bgt_USA_2_genome_v1.fasta) | 0 of 1
[-        ] POP…4_CREATESEQUENCEDICTIONARY | 0 of 1
[-        ] POP…LING:GATK4_HAPLOTYPECALLER -
[-        ] POP…CALLING:GATK4_COMBINEGVCFS -
[-        ] POP…ING:GATK4_INDEXFEATUREFILE -
[-        ] POP…ALLING:GATK4_GENOTYPEGVCFS -
[-        ] POP…LTERING:VARIANT_FILTRATION -
[-        ] POP…_FILTERING:SELECT_VARIANTS -
[-        ] POP…IANT_FILTERING:FILTER_SNPS -
[-        ] POP…_FILTERING:ADD_VARIANT_IDS -
[GATK CreateSequenceDictionary] Available memory not known - defaulting to 6GB. Specify process memory requirements to change this.
Pulling Singularity image https://depot.galaxyproject.org/singularity/bwa-mem2:2.2.1--he513fc3_0 [cache /scratch/pawsey1142/kgagalova/pop_analysis/test_fastp/MycoPops/singularity_cache/depot.galaxyproject.org-singularity-bwa-mem2-2.2.1--he513fc3_0.img]
Pulling Singularity image https://community-cr-prod.seqera.io/docker/registry/v2/blobs/sha256/55/556474e164daf5a5e218cd5d497681dcba0645047cf24698f88e3e078eacbd09/data [cache /scratch/pawsey1142/kgagalova/pop_analysis/test_fastp/MycoPops/singularity_cache/community-cr-prod.seqera.io-docker-registry-v2-blobs-sha256-55-556474e164daf5a5e218cd5d497681dcba0645047cf24698f88e3e078eacbd09-data.img]
Pulling Singularity image https://depot.galaxyproject.org/singularity/gatk4:4.6.2.0--py310hdfd78af_1 [cache /scratch/pawsey1142/kgagalova/pop_analysis/test_fastp/MycoPops/singularity_cache/depot.galaxyproject.org-singularity-gatk4-4.6.2.0--py310hdfd78af_1.img]
Pulling Singularity image https://community-cr-prod.seqera.io/docker/registry/v2/blobs/sha256/e9/e994bf4eb3731150511a14f5706b7bdfd64df1b6d40898fff334286c027e0859/data [cache /scratch/pawsey1142/kgagalova/pop_analysis/test_fastp/MycoPops/singularity_cache/community-cr-prod.seqera.io-docker-registry-v2-blobs-sha256-e9-e994bf4eb3731150511a14f5706b7bdfd64df1b6d40898fff334286c027e0859-data.img]

executor >  slurm (15)
[c7/57f440] POP…AD_TRIMMING:FASTP (395726) | 0 of 38
[d0/0b04a7] POP…Bgt_USA_2_genome_v1.fasta) | 0 of 1
[-        ] POP…RKDUP_COVERAGE:BWAMEM2_MEM -
[-        ] POP…RAGE:PICARD_MARKDUPLICATES -
[-        ] POP…UP_COVERAGE:SAMTOOLS_INDEX -
[-        ] POP…UP_COVERAGE:COVERAGE_STATS -
[-        ] POP…P_COVERAGE:GENOME_COVERAGE -
[-        ] POP…W:PREPARE_REFERENCE:GUNZIP -
[8a/754f58] POP…Bgt_USA_2_genome_v1.fasta) | 0 of 1
[-        ] POP…4_CREATESEQUENCEDICTIONARY | 0 of 1
[-        ] POP…LING:GATK4_HAPLOTYPECALLER -
[-        ] POP…CALLING:GATK4_COMBINEGVCFS -
[-        ] POP…ING:GATK4_INDEXFEATUREFILE -
[-        ] POP…ALLING:GATK4_GENOTYPEGVCFS -
[-        ] POP…LTERING:VARIANT_FILTRATION -
[-        ] POP…_FILTERING:SELECT_VARIANTS -
[-        ] POP…IANT_FILTERING:FILTER_SNPS -
[-        ] POP…_FILTERING:ADD_VARIANT_IDS -
[GATK CreateSequenceDictionary] Available memory not known - defaulting to 6GB. Specify process memory requirements to change this.
Pulling Singularity image https://depot.galaxyproject.org/singularity/bwa-mem2:2.2.1--he513fc3_0 [cache /scratch/pawsey1142/kgagalova/pop_analysis/test_fastp/MycoPops/singularity_cache/depot.galaxyproject.org-singularity-bwa-mem2-2.2.1--he513fc3_0.img]
Pulling Singularity image https://community-cr-prod.seqera.io/docker/registry/v2/blobs/sha256/55/556474e164daf5a5e218cd5d497681dcba0645047cf24698f88e3e078eacbd09/data [cache /scratch/pawsey1142/kgagalova/pop_analysis/test_fastp/MycoPops/singularity_cache/community-cr-prod.seqera.io-docker-registry-v2-blobs-sha256-55-556474e164daf5a5e218cd5d497681dcba0645047cf24698f88e3e078eacbd09-data.img]
Pulling Singularity image https://depot.galaxyproject.org/singularity/gatk4:4.6.2.0--py310hdfd78af_1 [cache /scratch/pawsey1142/kgagalova/pop_analysis/test_fastp/MycoPops/singularity_cache/depot.galaxyproject.org-singularity-gatk4-4.6.2.0--py310hdfd78af_1.img]
Pulling Singularity image https://community-cr-prod.seqera.io/docker/registry/v2/blobs/sha256/e9/e994bf4eb3731150511a14f5706b7bdfd64df1b6d40898fff334286c027e0859/data [cache /scratch/pawsey1142/kgagalova/pop_analysis/test_fastp/MycoPops/singularity_cache/community-cr-prod.seqera.io-docker-registry-v2-blobs-sha256-e9-e994bf4eb3731150511a14f5706b7bdfd64df1b6d40898fff334286c027e0859-data.img]

executor >  slurm (16)
[58/b5e383] POP…AD_TRIMMING:FASTP (395731) | 0 of 38
[d0/0b04a7] POP…Bgt_USA_2_genome_v1.fasta) | 0 of 1
[-        ] POP…RKDUP_COVERAGE:BWAMEM2_MEM -
[-        ] POP…RAGE:PICARD_MARKDUPLICATES -
[-        ] POP…UP_COVERAGE:SAMTOOLS_INDEX -
[-        ] POP…UP_COVERAGE:COVERAGE_STATS -
[-        ] POP…P_COVERAGE:GENOME_COVERAGE -
[-        ] POP…W:PREPARE_REFERENCE:GUNZIP -
[8a/754f58] POP…Bgt_USA_2_genome_v1.fasta) | 0 of 1
[-        ] POP…4_CREATESEQUENCEDICTIONARY | 0 of 1
[-        ] POP…LING:GATK4_HAPLOTYPECALLER -
[-        ] POP…CALLING:GATK4_COMBINEGVCFS -
[-        ] POP…ING:GATK4_INDEXFEATUREFILE -
[-        ] POP…ALLING:GATK4_GENOTYPEGVCFS -
[-        ] POP…LTERING:VARIANT_FILTRATION -
[-        ] POP…_FILTERING:SELECT_VARIANTS -
[-        ] POP…IANT_FILTERING:FILTER_SNPS -
[-        ] POP…_FILTERING:ADD_VARIANT_IDS -
[GATK CreateSequenceDictionary] Available memory not known - defaulting to 6GB. Specify process memory requirements to change this.
Pulling Singularity image https://depot.galaxyproject.org/singularity/bwa-mem2:2.2.1--he513fc3_0 [cache /scratch/pawsey1142/kgagalova/pop_analysis/test_fastp/MycoPops/singularity_cache/depot.galaxyproject.org-singularity-bwa-mem2-2.2.1--he513fc3_0.img]
Pulling Singularity image https://community-cr-prod.seqera.io/docker/registry/v2/blobs/sha256/55/556474e164daf5a5e218cd5d497681dcba0645047cf24698f88e3e078eacbd09/data [cache /scratch/pawsey1142/kgagalova/pop_analysis/test_fastp/MycoPops/singularity_cache/community-cr-prod.seqera.io-docker-registry-v2-blobs-sha256-55-556474e164daf5a5e218cd5d497681dcba0645047cf24698f88e3e078eacbd09-data.img]
Pulling Singularity image https://depot.galaxyproject.org/singularity/gatk4:4.6.2.0--py310hdfd78af_1 [cache /scratch/pawsey1142/kgagalova/pop_analysis/test_fastp/MycoPops/singularity_cache/depot.galaxyproject.org-singularity-gatk4-4.6.2.0--py310hdfd78af_1.img]
Pulling Singularity image https://community-cr-prod.seqera.io/docker/registry/v2/blobs/sha256/e9/e994bf4eb3731150511a14f5706b7bdfd64df1b6d40898fff334286c027e0859/data [cache /scratch/pawsey1142/kgagalova/pop_analysis/test_fastp/MycoPops/singularity_cache/community-cr-prod.seqera.io-docker-registry-v2-blobs-sha256-e9-e994bf4eb3731150511a14f5706b7bdfd64df1b6d40898fff334286c027e0859-data.img]

executor >  slurm (17)
[68/7bc38b] POP…AD_TRIMMING:FASTP (638172) | 0 of 38
[d0/0b04a7] POP…Bgt_USA_2_genome_v1.fasta) | 0 of 1
[-        ] POP…RKDUP_COVERAGE:BWAMEM2_MEM -
[-        ] POP…RAGE:PICARD_MARKDUPLICATES -
[-        ] POP…UP_COVERAGE:SAMTOOLS_INDEX -
[-        ] POP…UP_COVERAGE:COVERAGE_STATS -
[-        ] POP…P_COVERAGE:GENOME_COVERAGE -
[-        ] POP…W:PREPARE_REFERENCE:GUNZIP -
[8a/754f58] POP…Bgt_USA_2_genome_v1.fasta) | 0 of 1
[-        ] POP…4_CREATESEQUENCEDICTIONARY | 0 of 1
[-        ] POP…LING:GATK4_HAPLOTYPECALLER -
[-        ] POP…CALLING:GATK4_COMBINEGVCFS -
[-        ] POP…ING:GATK4_INDEXFEATUREFILE -
[-        ] POP…ALLING:GATK4_GENOTYPEGVCFS -
[-        ] POP…LTERING:VARIANT_FILTRATION -
[-        ] POP…_FILTERING:SELECT_VARIANTS -
[-        ] POP…IANT_FILTERING:FILTER_SNPS -
[-        ] POP…_FILTERING:ADD_VARIANT_IDS -
[GATK CreateSequenceDictionary] Available memory not known - defaulting to 6GB. Specify process memory requirements to change this.
Pulling Singularity image https://depot.galaxyproject.org/singularity/bwa-mem2:2.2.1--he513fc3_0 [cache /scratch/pawsey1142/kgagalova/pop_analysis/test_fastp/MycoPops/singularity_cache/depot.galaxyproject.org-singularity-bwa-mem2-2.2.1--he513fc3_0.img]
Pulling Singularity image https://community-cr-prod.seqera.io/docker/registry/v2/blobs/sha256/55/556474e164daf5a5e218cd5d497681dcba0645047cf24698f88e3e078eacbd09/data [cache /scratch/pawsey1142/kgagalova/pop_analysis/test_fastp/MycoPops/singularity_cache/community-cr-prod.seqera.io-docker-registry-v2-blobs-sha256-55-556474e164daf5a5e218cd5d497681dcba0645047cf24698f88e3e078eacbd09-data.img]
Pulling Singularity image https://depot.galaxyproject.org/singularity/gatk4:4.6.2.0--py310hdfd78af_1 [cache /scratch/pawsey1142/kgagalova/pop_analysis/test_fastp/MycoPops/singularity_cache/depot.galaxyproject.org-singularity-gatk4-4.6.2.0--py310hdfd78af_1.img]
Pulling Singularity image https://community-cr-prod.seqera.io/docker/registry/v2/blobs/sha256/e9/e994bf4eb3731150511a14f5706b7bdfd64df1b6d40898fff334286c027e0859/data [cache /scratch/pawsey1142/kgagalova/pop_analysis/test_fastp/MycoPops/singularity_cache/community-cr-prod.seqera.io-docker-registry-v2-blobs-sha256-e9-e994bf4eb3731150511a14f5706b7bdfd64df1b6d40898fff334286c027e0859-data.img]

executor >  slurm (19)
[3d/869372] POP…AD_TRIMMING:FASTP (638179) | 0 of 38
[d0/0b04a7] POP…Bgt_USA_2_genome_v1.fasta) | 0 of 1
[-        ] POP…RKDUP_COVERAGE:BWAMEM2_MEM -
[-        ] POP…RAGE:PICARD_MARKDUPLICATES -
[-        ] POP…UP_COVERAGE:SAMTOOLS_INDEX -
[-        ] POP…UP_COVERAGE:COVERAGE_STATS -
[-        ] POP…P_COVERAGE:GENOME_COVERAGE -
[-        ] POP…W:PREPARE_REFERENCE:GUNZIP -
[8a/754f58] POP…Bgt_USA_2_genome_v1.fasta) | 0 of 1
[-        ] POP…4_CREATESEQUENCEDICTIONARY | 0 of 1
[-        ] POP…LING:GATK4_HAPLOTYPECALLER -
[-        ] POP…CALLING:GATK4_COMBINEGVCFS -
[-        ] POP…ING:GATK4_INDEXFEATUREFILE -
[-        ] POP…ALLING:GATK4_GENOTYPEGVCFS -
[-        ] POP…LTERING:VARIANT_FILTRATION -
[-        ] POP…_FILTERING:SELECT_VARIANTS -
[-        ] POP…IANT_FILTERING:FILTER_SNPS -
[-        ] POP…_FILTERING:ADD_VARIANT_IDS -
[GATK CreateSequenceDictionary] Available memory not known - defaulting to 6GB. Specify process memory requirements to change this.
Pulling Singularity image https://depot.galaxyproject.org/singularity/bwa-mem2:2.2.1--he513fc3_0 [cache /scratch/pawsey1142/kgagalova/pop_analysis/test_fastp/MycoPops/singularity_cache/depot.galaxyproject.org-singularity-bwa-mem2-2.2.1--he513fc3_0.img]
Pulling Singularity image https://community-cr-prod.seqera.io/docker/registry/v2/blobs/sha256/55/556474e164daf5a5e218cd5d497681dcba0645047cf24698f88e3e078eacbd09/data [cache /scratch/pawsey1142/kgagalova/pop_analysis/test_fastp/MycoPops/singularity_cache/community-cr-prod.seqera.io-docker-registry-v2-blobs-sha256-55-556474e164daf5a5e218cd5d497681dcba0645047cf24698f88e3e078eacbd09-data.img]
Pulling Singularity image https://depot.galaxyproject.org/singularity/gatk4:4.6.2.0--py310hdfd78af_1 [cache /scratch/pawsey1142/kgagalova/pop_analysis/test_fastp/MycoPops/singularity_cache/depot.galaxyproject.org-singularity-gatk4-4.6.2.0--py310hdfd78af_1.img]
Pulling Singularity image https://community-cr-prod.seqera.io/docker/registry/v2/blobs/sha256/e9/e994bf4eb3731150511a14f5706b7bdfd64df1b6d40898fff334286c027e0859/data [cache /scratch/pawsey1142/kgagalova/pop_analysis/test_fastp/MycoPops/singularity_cache/community-cr-prod.seqera.io-docker-registry-v2-blobs-sha256-e9-e994bf4eb3731150511a14f5706b7bdfd64df1b6d40898fff334286c027e0859-data.img]

executor >  slurm (21)
[27/8f73bd] POP…AD_TRIMMING:FASTP (638174) | 0 of 38
[d0/0b04a7] POP…Bgt_USA_2_genome_v1.fasta) | 0 of 1
[-        ] POP…RKDUP_COVERAGE:BWAMEM2_MEM -
[-        ] POP…RAGE:PICARD_MARKDUPLICATES -
[-        ] POP…UP_COVERAGE:SAMTOOLS_INDEX -
[-        ] POP…UP_COVERAGE:COVERAGE_STATS -
[-        ] POP…P_COVERAGE:GENOME_COVERAGE -
[-        ] POP…W:PREPARE_REFERENCE:GUNZIP -
[8a/754f58] POP…Bgt_USA_2_genome_v1.fasta) | 0 of 1
[-        ] POP…4_CREATESEQUENCEDICTIONARY | 0 of 1
[-        ] POP…LING:GATK4_HAPLOTYPECALLER -
[-        ] POP…CALLING:GATK4_COMBINEGVCFS -
[-        ] POP…ING:GATK4_INDEXFEATUREFILE -
[-        ] POP…ALLING:GATK4_GENOTYPEGVCFS -
[-        ] POP…LTERING:VARIANT_FILTRATION -
[-        ] POP…_FILTERING:SELECT_VARIANTS -
[-        ] POP…IANT_FILTERING:FILTER_SNPS -
[-        ] POP…_FILTERING:ADD_VARIANT_IDS -
[GATK CreateSequenceDictionary] Available memory not known - defaulting to 6GB. Specify process memory requirements to change this.
Pulling Singularity image https://depot.galaxyproject.org/singularity/bwa-mem2:2.2.1--he513fc3_0 [cache /scratch/pawsey1142/kgagalova/pop_analysis/test_fastp/MycoPops/singularity_cache/depot.galaxyproject.org-singularity-bwa-mem2-2.2.1--he513fc3_0.img]
Pulling Singularity image https://community-cr-prod.seqera.io/docker/registry/v2/blobs/sha256/55/556474e164daf5a5e218cd5d497681dcba0645047cf24698f88e3e078eacbd09/data [cache /scratch/pawsey1142/kgagalova/pop_analysis/test_fastp/MycoPops/singularity_cache/community-cr-prod.seqera.io-docker-registry-v2-blobs-sha256-55-556474e164daf5a5e218cd5d497681dcba0645047cf24698f88e3e078eacbd09-data.img]
Pulling Singularity image https://depot.galaxyproject.org/singularity/gatk4:4.6.2.0--py310hdfd78af_1 [cache /scratch/pawsey1142/kgagalova/pop_analysis/test_fastp/MycoPops/singularity_cache/depot.galaxyproject.org-singularity-gatk4-4.6.2.0--py310hdfd78af_1.img]
Pulling Singularity image https://community-cr-prod.seqera.io/docker/registry/v2/blobs/sha256/e9/e994bf4eb3731150511a14f5706b7bdfd64df1b6d40898fff334286c027e0859/data [cache /scratch/pawsey1142/kgagalova/pop_analysis/test_fastp/MycoPops/singularity_cache/community-cr-prod.seqera.io-docker-registry-v2-blobs-sha256-e9-e994bf4eb3731150511a14f5706b7bdfd64df1b6d40898fff334286c027e0859-data.img]

executor >  slurm (22)
[68/453e9a] POP…AD_TRIMMING:FASTP (638176) | 0 of 38
[d0/0b04a7] POP…Bgt_USA_2_genome_v1.fasta) | 0 of 1
[-        ] POP…RKDUP_COVERAGE:BWAMEM2_MEM -
[-        ] POP…RAGE:PICARD_MARKDUPLICATES -
[-        ] POP…UP_COVERAGE:SAMTOOLS_INDEX -
[-        ] POP…UP_COVERAGE:COVERAGE_STATS -
[-        ] POP…P_COVERAGE:GENOME_COVERAGE -
[-        ] POP…W:PREPARE_REFERENCE:GUNZIP -
[8a/754f58] POP…Bgt_USA_2_genome_v1.fasta) | 0 of 1
[-        ] POP…4_CREATESEQUENCEDICTIONARY | 0 of 1
[-        ] POP…LING:GATK4_HAPLOTYPECALLER -
[-        ] POP…CALLING:GATK4_COMBINEGVCFS -
[-        ] POP…ING:GATK4_INDEXFEATUREFILE -
[-        ] POP…ALLING:GATK4_GENOTYPEGVCFS -
[-        ] POP…LTERING:VARIANT_FILTRATION -
[-        ] POP…_FILTERING:SELECT_VARIANTS -
[-        ] POP…IANT_FILTERING:FILTER_SNPS -
[-        ] POP…_FILTERING:ADD_VARIANT_IDS -
[GATK CreateSequenceDictionary] Available memory not known - defaulting to 6GB. Specify process memory requirements to change this.
Pulling Singularity image https://depot.galaxyproject.org/singularity/bwa-mem2:2.2.1--he513fc3_0 [cache /scratch/pawsey1142/kgagalova/pop_analysis/test_fastp/MycoPops/singularity_cache/depot.galaxyproject.org-singularity-bwa-mem2-2.2.1--he513fc3_0.img]
Pulling Singularity image https://community-cr-prod.seqera.io/docker/registry/v2/blobs/sha256/55/556474e164daf5a5e218cd5d497681dcba0645047cf24698f88e3e078eacbd09/data [cache /scratch/pawsey1142/kgagalova/pop_analysis/test_fastp/MycoPops/singularity_cache/community-cr-prod.seqera.io-docker-registry-v2-blobs-sha256-55-556474e164daf5a5e218cd5d497681dcba0645047cf24698f88e3e078eacbd09-data.img]
Pulling Singularity image https://depot.galaxyproject.org/singularity/gatk4:4.6.2.0--py310hdfd78af_1 [cache /scratch/pawsey1142/kgagalova/pop_analysis/test_fastp/MycoPops/singularity_cache/depot.galaxyproject.org-singularity-gatk4-4.6.2.0--py310hdfd78af_1.img]
Pulling Singularity image https://community-cr-prod.seqera.io/docker/registry/v2/blobs/sha256/e9/e994bf4eb3731150511a14f5706b7bdfd64df1b6d40898fff334286c027e0859/data [cache /scratch/pawsey1142/kgagalova/pop_analysis/test_fastp/MycoPops/singularity_cache/community-cr-prod.seqera.io-docker-registry-v2-blobs-sha256-e9-e994bf4eb3731150511a14f5706b7bdfd64df1b6d40898fff334286c027e0859-data.img]

executor >  slurm (25)
[62/d51cac] POP…AD_TRIMMING:FASTP (395730) | 0 of 38
[d0/0b04a7] POP…Bgt_USA_2_genome_v1.fasta) | 0 of 1
[-        ] POP…RKDUP_COVERAGE:BWAMEM2_MEM -
[-        ] POP…RAGE:PICARD_MARKDUPLICATES -
[-        ] POP…UP_COVERAGE:SAMTOOLS_INDEX -
[-        ] POP…UP_COVERAGE:COVERAGE_STATS -
[-        ] POP…P_COVERAGE:GENOME_COVERAGE -
[-        ] POP…W:PREPARE_REFERENCE:GUNZIP -
[8a/754f58] POP…Bgt_USA_2_genome_v1.fasta) | 0 of 1
[-        ] POP…4_CREATESEQUENCEDICTIONARY | 0 of 1
[-        ] POP…LING:GATK4_HAPLOTYPECALLER -
[-        ] POP…CALLING:GATK4_COMBINEGVCFS -
[-        ] POP…ING:GATK4_INDEXFEATUREFILE -
[-        ] POP…ALLING:GATK4_GENOTYPEGVCFS -
[-        ] POP…LTERING:VARIANT_FILTRATION -
[-        ] POP…_FILTERING:SELECT_VARIANTS -
[-        ] POP…IANT_FILTERING:FILTER_SNPS -
[-        ] POP…_FILTERING:ADD_VARIANT_IDS -
[GATK CreateSequenceDictionary] Available memory not known - defaulting to 6GB. Specify process memory requirements to change this.
Pulling Singularity image https://depot.galaxyproject.org/singularity/bwa-mem2:2.2.1--he513fc3_0 [cache /scratch/pawsey1142/kgagalova/pop_analysis/test_fastp/MycoPops/singularity_cache/depot.galaxyproject.org-singularity-bwa-mem2-2.2.1--he513fc3_0.img]
Pulling Singularity image https://community-cr-prod.seqera.io/docker/registry/v2/blobs/sha256/55/556474e164daf5a5e218cd5d497681dcba0645047cf24698f88e3e078eacbd09/data [cache /scratch/pawsey1142/kgagalova/pop_analysis/test_fastp/MycoPops/singularity_cache/community-cr-prod.seqera.io-docker-registry-v2-blobs-sha256-55-556474e164daf5a5e218cd5d497681dcba0645047cf24698f88e3e078eacbd09-data.img]
Pulling Singularity image https://depot.galaxyproject.org/singularity/gatk4:4.6.2.0--py310hdfd78af_1 [cache /scratch/pawsey1142/kgagalova/pop_analysis/test_fastp/MycoPops/singularity_cache/depot.galaxyproject.org-singularity-gatk4-4.6.2.0--py310hdfd78af_1.img]
Pulling Singularity image https://community-cr-prod.seqera.io/docker/registry/v2/blobs/sha256/e9/e994bf4eb3731150511a14f5706b7bdfd64df1b6d40898fff334286c027e0859/data [cache /scratch/pawsey1142/kgagalova/pop_analysis/test_fastp/MycoPops/singularity_cache/community-cr-prod.seqera.io-docker-registry-v2-blobs-sha256-e9-e994bf4eb3731150511a14f5706b7bdfd64df1b6d40898fff334286c027e0859-data.img]

executor >  slurm (26)
[75/b7ad7e] POP…AD_TRIMMING:FASTP (638178) | 0 of 38
[d0/0b04a7] POP…Bgt_USA_2_genome_v1.fasta) | 0 of 1
[-        ] POP…RKDUP_COVERAGE:BWAMEM2_MEM -
[-        ] POP…RAGE:PICARD_MARKDUPLICATES -
[-        ] POP…UP_COVERAGE:SAMTOOLS_INDEX -
[-        ] POP…UP_COVERAGE:COVERAGE_STATS -
[-        ] POP…P_COVERAGE:GENOME_COVERAGE -
[-        ] POP…W:PREPARE_REFERENCE:GUNZIP -
[8a/754f58] POP…Bgt_USA_2_genome_v1.fasta) | 0 of 1
[-        ] POP…4_CREATESEQUENCEDICTIONARY | 0 of 1
[-        ] POP…LING:GATK4_HAPLOTYPECALLER -
[-        ] POP…CALLING:GATK4_COMBINEGVCFS -
[-        ] POP…ING:GATK4_INDEXFEATUREFILE -
[-        ] POP…ALLING:GATK4_GENOTYPEGVCFS -
[-        ] POP…LTERING:VARIANT_FILTRATION -
[-        ] POP…_FILTERING:SELECT_VARIANTS -
[-        ] POP…IANT_FILTERING:FILTER_SNPS -
[-        ] POP…_FILTERING:ADD_VARIANT_IDS -
[GATK CreateSequenceDictionary] Available memory not known - defaulting to 6GB. Specify process memory requirements to change this.
Pulling Singularity image https://depot.galaxyproject.org/singularity/bwa-mem2:2.2.1--he513fc3_0 [cache /scratch/pawsey1142/kgagalova/pop_analysis/test_fastp/MycoPops/singularity_cache/depot.galaxyproject.org-singularity-bwa-mem2-2.2.1--he513fc3_0.img]
Pulling Singularity image https://community-cr-prod.seqera.io/docker/registry/v2/blobs/sha256/55/556474e164daf5a5e218cd5d497681dcba0645047cf24698f88e3e078eacbd09/data [cache /scratch/pawsey1142/kgagalova/pop_analysis/test_fastp/MycoPops/singularity_cache/community-cr-prod.seqera.io-docker-registry-v2-blobs-sha256-55-556474e164daf5a5e218cd5d497681dcba0645047cf24698f88e3e078eacbd09-data.img]
Pulling Singularity image https://depot.galaxyproject.org/singularity/gatk4:4.6.2.0--py310hdfd78af_1 [cache /scratch/pawsey1142/kgagalova/pop_analysis/test_fastp/MycoPops/singularity_cache/depot.galaxyproject.org-singularity-gatk4-4.6.2.0--py310hdfd78af_1.img]
Pulling Singularity image https://community-cr-prod.seqera.io/docker/registry/v2/blobs/sha256/e9/e994bf4eb3731150511a14f5706b7bdfd64df1b6d40898fff334286c027e0859/data [cache /scratch/pawsey1142/kgagalova/pop_analysis/test_fastp/MycoPops/singularity_cache/community-cr-prod.seqera.io-docker-registry-v2-blobs-sha256-e9-e994bf4eb3731150511a14f5706b7bdfd64df1b6d40898fff334286c027e0859-data.img]

executor >  slurm (29)
[0b/c9d465] POP…AD_TRIMMING:FASTP (638186) | 0 of 38
[d0/0b04a7] POP…Bgt_USA_2_genome_v1.fasta) | 0 of 1
[-        ] POP…RKDUP_COVERAGE:BWAMEM2_MEM -
[-        ] POP…RAGE:PICARD_MARKDUPLICATES -
[-        ] POP…UP_COVERAGE:SAMTOOLS_INDEX -
[-        ] POP…UP_COVERAGE:COVERAGE_STATS -
[-        ] POP…P_COVERAGE:GENOME_COVERAGE -
[-        ] POP…W:PREPARE_REFERENCE:GUNZIP -
[8a/754f58] POP…Bgt_USA_2_genome_v1.fasta) | 0 of 1
[-        ] POP…4_CREATESEQUENCEDICTIONARY | 0 of 1
[-        ] POP…LING:GATK4_HAPLOTYPECALLER -
[-        ] POP…CALLING:GATK4_COMBINEGVCFS -
[-        ] POP…ING:GATK4_INDEXFEATUREFILE -
[-        ] POP…ALLING:GATK4_GENOTYPEGVCFS -
[-        ] POP…LTERING:VARIANT_FILTRATION -
[-        ] POP…_FILTERING:SELECT_VARIANTS -
[-        ] POP…IANT_FILTERING:FILTER_SNPS -
[-        ] POP…_FILTERING:ADD_VARIANT_IDS -
[GATK CreateSequenceDictionary] Available memory not known - defaulting to 6GB. Specify process memory requirements to change this.
Pulling Singularity image https://depot.galaxyproject.org/singularity/bwa-mem2:2.2.1--he513fc3_0 [cache /scratch/pawsey1142/kgagalova/pop_analysis/test_fastp/MycoPops/singularity_cache/depot.galaxyproject.org-singularity-bwa-mem2-2.2.1--he513fc3_0.img]
Pulling Singularity image https://community-cr-prod.seqera.io/docker/registry/v2/blobs/sha256/55/556474e164daf5a5e218cd5d497681dcba0645047cf24698f88e3e078eacbd09/data [cache /scratch/pawsey1142/kgagalova/pop_analysis/test_fastp/MycoPops/singularity_cache/community-cr-prod.seqera.io-docker-registry-v2-blobs-sha256-55-556474e164daf5a5e218cd5d497681dcba0645047cf24698f88e3e078eacbd09-data.img]
Pulling Singularity image https://depot.galaxyproject.org/singularity/gatk4:4.6.2.0--py310hdfd78af_1 [cache /scratch/pawsey1142/kgagalova/pop_analysis/test_fastp/MycoPops/singularity_cache/depot.galaxyproject.org-singularity-gatk4-4.6.2.0--py310hdfd78af_1.img]
Pulling Singularity image https://community-cr-prod.seqera.io/docker/registry/v2/blobs/sha256/e9/e994bf4eb3731150511a14f5706b7bdfd64df1b6d40898fff334286c027e0859/data [cache /scratch/pawsey1142/kgagalova/pop_analysis/test_fastp/MycoPops/singularity_cache/community-cr-prod.seqera.io-docker-registry-v2-blobs-sha256-e9-e994bf4eb3731150511a14f5706b7bdfd64df1b6d40898fff334286c027e0859-data.img]

executor >  slurm (31)
[79/92af21] POP…AD_TRIMMING:FASTP (638182) | 0 of 38
[d0/0b04a7] POP…Bgt_USA_2_genome_v1.fasta) | 0 of 1
[-        ] POP…RKDUP_COVERAGE:BWAMEM2_MEM -
[-        ] POP…RAGE:PICARD_MARKDUPLICATES -
[-        ] POP…UP_COVERAGE:SAMTOOLS_INDEX -
[-        ] POP…UP_COVERAGE:COVERAGE_STATS -
[-        ] POP…P_COVERAGE:GENOME_COVERAGE -
[-        ] POP…W:PREPARE_REFERENCE:GUNZIP -
[8a/754f58] POP…Bgt_USA_2_genome_v1.fasta) | 0 of 1
[-        ] POP…4_CREATESEQUENCEDICTIONARY | 0 of 1
[-        ] POP…LING:GATK4_HAPLOTYPECALLER -
[-        ] POP…CALLING:GATK4_COMBINEGVCFS -
[-        ] POP…ING:GATK4_INDEXFEATUREFILE -
[-        ] POP…ALLING:GATK4_GENOTYPEGVCFS -
[-        ] POP…LTERING:VARIANT_FILTRATION -
[-        ] POP…_FILTERING:SELECT_VARIANTS -
[-        ] POP…IANT_FILTERING:FILTER_SNPS -
[-        ] POP…_FILTERING:ADD_VARIANT_IDS -
[GATK CreateSequenceDictionary] Available memory not known - defaulting to 6GB. Specify process memory requirements to change this.
Pulling Singularity image https://depot.galaxyproject.org/singularity/bwa-mem2:2.2.1--he513fc3_0 [cache /scratch/pawsey1142/kgagalova/pop_analysis/test_fastp/MycoPops/singularity_cache/depot.galaxyproject.org-singularity-bwa-mem2-2.2.1--he513fc3_0.img]
Pulling Singularity image https://community-cr-prod.seqera.io/docker/registry/v2/blobs/sha256/55/556474e164daf5a5e218cd5d497681dcba0645047cf24698f88e3e078eacbd09/data [cache /scratch/pawsey1142/kgagalova/pop_analysis/test_fastp/MycoPops/singularity_cache/community-cr-prod.seqera.io-docker-registry-v2-blobs-sha256-55-556474e164daf5a5e218cd5d497681dcba0645047cf24698f88e3e078eacbd09-data.img]
Pulling Singularity image https://depot.galaxyproject.org/singularity/gatk4:4.6.2.0--py310hdfd78af_1 [cache /scratch/pawsey1142/kgagalova/pop_analysis/test_fastp/MycoPops/singularity_cache/depot.galaxyproject.org-singularity-gatk4-4.6.2.0--py310hdfd78af_1.img]
Pulling Singularity image https://community-cr-prod.seqera.io/docker/registry/v2/blobs/sha256/e9/e994bf4eb3731150511a14f5706b7bdfd64df1b6d40898fff334286c027e0859/data [cache /scratch/pawsey1142/kgagalova/pop_analysis/test_fastp/MycoPops/singularity_cache/community-cr-prod.seqera.io-docker-registry-v2-blobs-sha256-e9-e994bf4eb3731150511a14f5706b7bdfd64df1b6d40898fff334286c027e0859-data.img]

executor >  slurm (33)
[c6/920d77] POP…AD_TRIMMING:FASTP (638185) | 0 of 38
[d0/0b04a7] POP…Bgt_USA_2_genome_v1.fasta) | 0 of 1
[-        ] POP…RKDUP_COVERAGE:BWAMEM2_MEM -
[-        ] POP…RAGE:PICARD_MARKDUPLICATES -
[-        ] POP…UP_COVERAGE:SAMTOOLS_INDEX -
[-        ] POP…UP_COVERAGE:COVERAGE_STATS -
[-        ] POP…P_COVERAGE:GENOME_COVERAGE -
[-        ] POP…W:PREPARE_REFERENCE:GUNZIP -
[8a/754f58] POP…Bgt_USA_2_genome_v1.fasta) | 0 of 1
[-        ] POP…4_CREATESEQUENCEDICTIONARY | 0 of 1
[-        ] POP…LING:GATK4_HAPLOTYPECALLER -
[-        ] POP…CALLING:GATK4_COMBINEGVCFS -
[-        ] POP…ING:GATK4_INDEXFEATUREFILE -
[-        ] POP…ALLING:GATK4_GENOTYPEGVCFS -
[-        ] POP…LTERING:VARIANT_FILTRATION -
[-        ] POP…_FILTERING:SELECT_VARIANTS -
[-        ] POP…IANT_FILTERING:FILTER_SNPS -
[-        ] POP…_FILTERING:ADD_VARIANT_IDS -
[GATK CreateSequenceDictionary] Available memory not known - defaulting to 6GB. Specify process memory requirements to change this.
Pulling Singularity image https://depot.galaxyproject.org/singularity/bwa-mem2:2.2.1--he513fc3_0 [cache /scratch/pawsey1142/kgagalova/pop_analysis/test_fastp/MycoPops/singularity_cache/depot.galaxyproject.org-singularity-bwa-mem2-2.2.1--he513fc3_0.img]
Pulling Singularity image https://community-cr-prod.seqera.io/docker/registry/v2/blobs/sha256/55/556474e164daf5a5e218cd5d497681dcba0645047cf24698f88e3e078eacbd09/data [cache /scratch/pawsey1142/kgagalova/pop_analysis/test_fastp/MycoPops/singularity_cache/community-cr-prod.seqera.io-docker-registry-v2-blobs-sha256-55-556474e164daf5a5e218cd5d497681dcba0645047cf24698f88e3e078eacbd09-data.img]
Pulling Singularity image https://depot.galaxyproject.org/singularity/gatk4:4.6.2.0--py310hdfd78af_1 [cache /scratch/pawsey1142/kgagalova/pop_analysis/test_fastp/MycoPops/singularity_cache/depot.galaxyproject.org-singularity-gatk4-4.6.2.0--py310hdfd78af_1.img]
Pulling Singularity image https://community-cr-prod.seqera.io/docker/registry/v2/blobs/sha256/e9/e994bf4eb3731150511a14f5706b7bdfd64df1b6d40898fff334286c027e0859/data [cache /scratch/pawsey1142/kgagalova/pop_analysis/test_fastp/MycoPops/singularity_cache/community-cr-prod.seqera.io-docker-registry-v2-blobs-sha256-e9-e994bf4eb3731150511a14f5706b7bdfd64df1b6d40898fff334286c027e0859-data.img]

executor >  slurm (36)
[97/da29d4] POP…AD_TRIMMING:FASTP (638188) | 0 of 38
[d0/0b04a7] POP…Bgt_USA_2_genome_v1.fasta) | 0 of 1
[-        ] POP…RKDUP_COVERAGE:BWAMEM2_MEM -
[-        ] POP…RAGE:PICARD_MARKDUPLICATES -
[-        ] POP…UP_COVERAGE:SAMTOOLS_INDEX -
[-        ] POP…UP_COVERAGE:COVERAGE_STATS -
[-        ] POP…P_COVERAGE:GENOME_COVERAGE -
[-        ] POP…W:PREPARE_REFERENCE:GUNZIP -
[8a/754f58] POP…Bgt_USA_2_genome_v1.fasta) | 0 of 1
[-        ] POP…4_CREATESEQUENCEDICTIONARY | 0 of 1
[-        ] POP…LING:GATK4_HAPLOTYPECALLER -
[-        ] POP…CALLING:GATK4_COMBINEGVCFS -
[-        ] POP…ING:GATK4_INDEXFEATUREFILE -
[-        ] POP…ALLING:GATK4_GENOTYPEGVCFS -
[-        ] POP…LTERING:VARIANT_FILTRATION -
[-        ] POP…_FILTERING:SELECT_VARIANTS -
[-        ] POP…IANT_FILTERING:FILTER_SNPS -
[-        ] POP…_FILTERING:ADD_VARIANT_IDS -
[GATK CreateSequenceDictionary] Available memory not known - defaulting to 6GB. Specify process memory requirements to change this.
Pulling Singularity image https://depot.galaxyproject.org/singularity/bwa-mem2:2.2.1--he513fc3_0 [cache /scratch/pawsey1142/kgagalova/pop_analysis/test_fastp/MycoPops/singularity_cache/depot.galaxyproject.org-singularity-bwa-mem2-2.2.1--he513fc3_0.img]
Pulling Singularity image https://community-cr-prod.seqera.io/docker/registry/v2/blobs/sha256/55/556474e164daf5a5e218cd5d497681dcba0645047cf24698f88e3e078eacbd09/data [cache /scratch/pawsey1142/kgagalova/pop_analysis/test_fastp/MycoPops/singularity_cache/community-cr-prod.seqera.io-docker-registry-v2-blobs-sha256-55-556474e164daf5a5e218cd5d497681dcba0645047cf24698f88e3e078eacbd09-data.img]
Pulling Singularity image https://depot.galaxyproject.org/singularity/gatk4:4.6.2.0--py310hdfd78af_1 [cache /scratch/pawsey1142/kgagalova/pop_analysis/test_fastp/MycoPops/singularity_cache/depot.galaxyproject.org-singularity-gatk4-4.6.2.0--py310hdfd78af_1.img]
Pulling Singularity image https://community-cr-prod.seqera.io/docker/registry/v2/blobs/sha256/e9/e994bf4eb3731150511a14f5706b7bdfd64df1b6d40898fff334286c027e0859/data [cache /scratch/pawsey1142/kgagalova/pop_analysis/test_fastp/MycoPops/singularity_cache/community-cr-prod.seqera.io-docker-registry-v2-blobs-sha256-e9-e994bf4eb3731150511a14f5706b7bdfd64df1b6d40898fff334286c027e0859-data.img]

executor >  slurm (38)
[1c/53e9c1] POP…AD_TRIMMING:FASTP (638189) | 0 of 38
[d0/0b04a7] POP…Bgt_USA_2_genome_v1.fasta) | 0 of 1
[-        ] POP…RKDUP_COVERAGE:BWAMEM2_MEM -
[-        ] POP…RAGE:PICARD_MARKDUPLICATES -
[-        ] POP…UP_COVERAGE:SAMTOOLS_INDEX -
[-        ] POP…UP_COVERAGE:COVERAGE_STATS -
[-        ] POP…P_COVERAGE:GENOME_COVERAGE -
[-        ] POP…W:PREPARE_REFERENCE:GUNZIP -
[8a/754f58] POP…Bgt_USA_2_genome_v1.fasta) | 0 of 1
[-        ] POP…4_CREATESEQUENCEDICTIONARY | 0 of 1
[-        ] POP…LING:GATK4_HAPLOTYPECALLER -
[-        ] POP…CALLING:GATK4_COMBINEGVCFS -
[-        ] POP…ING:GATK4_INDEXFEATUREFILE -
[-        ] POP…ALLING:GATK4_GENOTYPEGVCFS -
[-        ] POP…LTERING:VARIANT_FILTRATION -
[-        ] POP…_FILTERING:SELECT_VARIANTS -
[-        ] POP…IANT_FILTERING:FILTER_SNPS -
[-        ] POP…_FILTERING:ADD_VARIANT_IDS -
[GATK CreateSequenceDictionary] Available memory not known - defaulting to 6GB. Specify process memory requirements to change this.
Pulling Singularity image https://depot.galaxyproject.org/singularity/bwa-mem2:2.2.1--he513fc3_0 [cache /scratch/pawsey1142/kgagalova/pop_analysis/test_fastp/MycoPops/singularity_cache/depot.galaxyproject.org-singularity-bwa-mem2-2.2.1--he513fc3_0.img]
Pulling Singularity image https://community-cr-prod.seqera.io/docker/registry/v2/blobs/sha256/55/556474e164daf5a5e218cd5d497681dcba0645047cf24698f88e3e078eacbd09/data [cache /scratch/pawsey1142/kgagalova/pop_analysis/test_fastp/MycoPops/singularity_cache/community-cr-prod.seqera.io-docker-registry-v2-blobs-sha256-55-556474e164daf5a5e218cd5d497681dcba0645047cf24698f88e3e078eacbd09-data.img]
Pulling Singularity image https://depot.galaxyproject.org/singularity/gatk4:4.6.2.0--py310hdfd78af_1 [cache /scratch/pawsey1142/kgagalova/pop_analysis/test_fastp/MycoPops/singularity_cache/depot.galaxyproject.org-singularity-gatk4-4.6.2.0--py310hdfd78af_1.img]
Pulling Singularity image https://community-cr-prod.seqera.io/docker/registry/v2/blobs/sha256/e9/e994bf4eb3731150511a14f5706b7bdfd64df1b6d40898fff334286c027e0859/data [cache /scratch/pawsey1142/kgagalova/pop_analysis/test_fastp/MycoPops/singularity_cache/community-cr-prod.seqera.io-docker-registry-v2-blobs-sha256-e9-e994bf4eb3731150511a14f5706b7bdfd64df1b6d40898fff334286c027e0859-data.img]

executor >  slurm (40)
[ea/9f912e] POP…AD_TRIMMING:FASTP (638193) | 0 of 38
[d0/0b04a7] POP…Bgt_USA_2_genome_v1.fasta) | 0 of 1
[-        ] POP…RKDUP_COVERAGE:BWAMEM2_MEM -
[-        ] POP…RAGE:PICARD_MARKDUPLICATES -
[-        ] POP…UP_COVERAGE:SAMTOOLS_INDEX -
[-        ] POP…UP_COVERAGE:COVERAGE_STATS -
[-        ] POP…P_COVERAGE:GENOME_COVERAGE -
[-        ] POP…W:PREPARE_REFERENCE:GUNZIP -
[8a/754f58] POP…Bgt_USA_2_genome_v1.fasta) | 0 of 1
[-        ] POP…4_CREATESEQUENCEDICTIONARY | 0 of 1
[-        ] POP…LING:GATK4_HAPLOTYPECALLER -
[-        ] POP…CALLING:GATK4_COMBINEGVCFS -
[-        ] POP…ING:GATK4_INDEXFEATUREFILE -
[-        ] POP…ALLING:GATK4_GENOTYPEGVCFS -
[-        ] POP…LTERING:VARIANT_FILTRATION -
[-        ] POP…_FILTERING:SELECT_VARIANTS -
[-        ] POP…IANT_FILTERING:FILTER_SNPS -
[-        ] POP…_FILTERING:ADD_VARIANT_IDS -
[GATK CreateSequenceDictionary] Available memory not known - defaulting to 6GB. Specify process memory requirements to change this.
Pulling Singularity image https://depot.galaxyproject.org/singularity/bwa-mem2:2.2.1--he513fc3_0 [cache /scratch/pawsey1142/kgagalova/pop_analysis/test_fastp/MycoPops/singularity_cache/depot.galaxyproject.org-singularity-bwa-mem2-2.2.1--he513fc3_0.img]
Pulling Singularity image https://community-cr-prod.seqera.io/docker/registry/v2/blobs/sha256/55/556474e164daf5a5e218cd5d497681dcba0645047cf24698f88e3e078eacbd09/data [cache /scratch/pawsey1142/kgagalova/pop_analysis/test_fastp/MycoPops/singularity_cache/community-cr-prod.seqera.io-docker-registry-v2-blobs-sha256-55-556474e164daf5a5e218cd5d497681dcba0645047cf24698f88e3e078eacbd09-data.img]
Pulling Singularity image https://depot.galaxyproject.org/singularity/gatk4:4.6.2.0--py310hdfd78af_1 [cache /scratch/pawsey1142/kgagalova/pop_analysis/test_fastp/MycoPops/singularity_cache/depot.galaxyproject.org-singularity-gatk4-4.6.2.0--py310hdfd78af_1.img]
Pulling Singularity image https://community-cr-prod.seqera.io/docker/registry/v2/blobs/sha256/e9/e994bf4eb3731150511a14f5706b7bdfd64df1b6d40898fff334286c027e0859/data [cache /scratch/pawsey1142/kgagalova/pop_analysis/test_fastp/MycoPops/singularity_cache/community-cr-prod.seqera.io-docker-registry-v2-blobs-sha256-e9-e994bf4eb3731150511a14f5706b7bdfd64df1b6d40898fff334286c027e0859-data.img]

executor >  slurm (41)
[ea/9f912e] POP…AD_TRIMMING:FASTP (638193) | 0 of 38
[d0/0b04a7] POP…Bgt_USA_2_genome_v1.fasta) | 0 of 1
[-        ] POP…RKDUP_COVERAGE:BWAMEM2_MEM -
[-        ] POP…RAGE:PICARD_MARKDUPLICATES -
[-        ] POP…UP_COVERAGE:SAMTOOLS_INDEX -
[-        ] POP…UP_COVERAGE:COVERAGE_STATS -
[-        ] POP…P_COVERAGE:GENOME_COVERAGE -
[-        ] POP…W:PREPARE_REFERENCE:GUNZIP -
[8a/754f58] POP…Bgt_USA_2_genome_v1.fasta) | 0 of 1
[75/a4e397] POP…Bgt_USA_2_genome_v1.fasta) | 0 of 1
[-        ] POP…LING:GATK4_HAPLOTYPECALLER -
[-        ] POP…CALLING:GATK4_COMBINEGVCFS -
[-        ] POP…ING:GATK4_INDEXFEATUREFILE -
[-        ] POP…ALLING:GATK4_GENOTYPEGVCFS -
[-        ] POP…LTERING:VARIANT_FILTRATION -
[-        ] POP…_FILTERING:SELECT_VARIANTS -
[-        ] POP…IANT_FILTERING:FILTER_SNPS -
[-        ] POP…_FILTERING:ADD_VARIANT_IDS -
[GATK CreateSequenceDictionary] Available memory not known - defaulting to 6GB. Specify process memory requirements to change this.
Pulling Singularity image https://depot.galaxyproject.org/singularity/bwa-mem2:2.2.1--he513fc3_0 [cache /scratch/pawsey1142/kgagalova/pop_analysis/test_fastp/MycoPops/singularity_cache/depot.galaxyproject.org-singularity-bwa-mem2-2.2.1--he513fc3_0.img]
Pulling Singularity image https://community-cr-prod.seqera.io/docker/registry/v2/blobs/sha256/55/556474e164daf5a5e218cd5d497681dcba0645047cf24698f88e3e078eacbd09/data [cache /scratch/pawsey1142/kgagalova/pop_analysis/test_fastp/MycoPops/singularity_cache/community-cr-prod.seqera.io-docker-registry-v2-blobs-sha256-55-556474e164daf5a5e218cd5d497681dcba0645047cf24698f88e3e078eacbd09-data.img]
Pulling Singularity image https://depot.galaxyproject.org/singularity/gatk4:4.6.2.0--py310hdfd78af_1 [cache /scratch/pawsey1142/kgagalova/pop_analysis/test_fastp/MycoPops/singularity_cache/depot.galaxyproject.org-singularity-gatk4-4.6.2.0--py310hdfd78af_1.img]
Pulling Singularity image https://community-cr-prod.seqera.io/docker/registry/v2/blobs/sha256/e9/e994bf4eb3731150511a14f5706b7bdfd64df1b6d40898fff334286c027e0859/data [cache /scratch/pawsey1142/kgagalova/pop_analysis/test_fastp/MycoPops/singularity_cache/community-cr-prod.seqera.io-docker-registry-v2-blobs-sha256-e9-e994bf4eb3731150511a14f5706b7bdfd64df1b6d40898fff334286c027e0859-data.img]

executor >  slurm (41)
[ea/9f912e] POP…AD_TRIMMING:FASTP (638193) | 0 of 38
[d0/0b04a7] POP…Bgt_USA_2_genome_v1.fasta) | 0 of 1
[-        ] POP…RKDUP_COVERAGE:BWAMEM2_MEM -
[-        ] POP…RAGE:PICARD_MARKDUPLICATES -
[-        ] POP…UP_COVERAGE:SAMTOOLS_INDEX -
[-        ] POP…UP_COVERAGE:COVERAGE_STATS -
[-        ] POP…P_COVERAGE:GENOME_COVERAGE -
[-        ] POP…W:PREPARE_REFERENCE:GUNZIP -
[8a/754f58] POP…Bgt_USA_2_genome_v1.fasta) | 0 of 1
[75/a4e397] POP…Bgt_USA_2_genome_v1.fasta) | 0 of 1
[-        ] POP…LING:GATK4_HAPLOTYPECALLER -
[-        ] POP…CALLING:GATK4_COMBINEGVCFS -
[-        ] POP…ING:GATK4_INDEXFEATUREFILE -
[-        ] POP…ALLING:GATK4_GENOTYPEGVCFS -
[-        ] POP…LTERING:VARIANT_FILTRATION -
[-        ] POP…_FILTERING:SELECT_VARIANTS -
[-        ] POP…IANT_FILTERING:FILTER_SNPS -
[-        ] POP…_FILTERING:ADD_VARIANT_IDS -






executor >  slurm (41)
[ea/9f912e] POP…AD_TRIMMING:FASTP (638193) | 0 of 38
[d0/0b04a7] POP…Bgt_USA_2_genome_v1.fasta) | 0 of 1
[-        ] POP…RKDUP_COVERAGE:BWAMEM2_MEM -
[-        ] POP…RAGE:PICARD_MARKDUPLICATES -
[-        ] POP…UP_COVERAGE:SAMTOOLS_INDEX -
[-        ] POP…UP_COVERAGE:COVERAGE_STATS -
[-        ] POP…P_COVERAGE:GENOME_COVERAGE -
[-        ] POP…W:PREPARE_REFERENCE:GUNZIP -
[8a/754f58] POP…Bgt_USA_2_genome_v1.fasta) | 1 of 1 ✔
[75/a4e397] POP…Bgt_USA_2_genome_v1.fasta) | 0 of 1
[-        ] POP…LING:GATK4_HAPLOTYPECALLER -
[-        ] POP…CALLING:GATK4_COMBINEGVCFS -
[-        ] POP…ING:GATK4_INDEXFEATUREFILE -
[-        ] POP…ALLING:GATK4_GENOTYPEGVCFS -
[-        ] POP…LTERING:VARIANT_FILTRATION -
[-        ] POP…_FILTERING:SELECT_VARIANTS -
[-        ] POP…IANT_FILTERING:FILTER_SNPS -
[-        ] POP…_FILTERING:ADD_VARIANT_IDS -






executor >  slurm (41)
[ea/9f912e] POP…AD_TRIMMING:FASTP (638193) | 0 of 38
[d0/0b04a7] POP…Bgt_USA_2_genome_v1.fasta) | 0 of 1
[-        ] POP…RKDUP_COVERAGE:BWAMEM2_MEM -
[-        ] POP…RAGE:PICARD_MARKDUPLICATES -
[-        ] POP…UP_COVERAGE:SAMTOOLS_INDEX -
[-        ] POP…UP_COVERAGE:COVERAGE_STATS -
[-        ] POP…P_COVERAGE:GENOME_COVERAGE -
[-        ] POP…W:PREPARE_REFERENCE:GUNZIP -
[8a/754f58] POP…Bgt_USA_2_genome_v1.fasta) | 1 of 1 ✔
[75/a4e397] POP…Bgt_USA_2_genome_v1.fasta) | 0 of 1
[-        ] POP…LING:GATK4_HAPLOTYPECALLER -
[-        ] POP…CALLING:GATK4_COMBINEGVCFS -
[-        ] POP…ING:GATK4_INDEXFEATUREFILE -
[-        ] POP…ALLING:GATK4_GENOTYPEGVCFS -
[-        ] POP…LTERING:VARIANT_FILTRATION -
[-        ] POP…_FILTERING:SELECT_VARIANTS -
[-        ] POP…IANT_FILTERING:FILTER_SNPS -
[-        ] POP…_FILTERING:ADD_VARIANT_IDS -

executor >  slurm (41)
[ea/9f912e] POP…AD_TRIMMING:FASTP (638193) | 0 of 38
[d0/0b04a7] POP…Bgt_USA_2_genome_v1.fasta) | 0 of 1
[-        ] POP…RKDUP_COVERAGE:BWAMEM2_MEM -
[-        ] POP…RAGE:PICARD_MARKDUPLICATES -
[-        ] POP…UP_COVERAGE:SAMTOOLS_INDEX -
[-        ] POP…UP_COVERAGE:COVERAGE_STATS -
[-        ] POP…P_COVERAGE:GENOME_COVERAGE -
[-        ] POP…W:PREPARE_REFERENCE:GUNZIP -
[8a/754f58] POP…Bgt_USA_2_genome_v1.fasta) | 1 of 1 ✔
[75/a4e397] POP…Bgt_USA_2_genome_v1.fasta) | 1 of 1 ✔
[-        ] POP…LING:GATK4_HAPLOTYPECALLER -
[-        ] POP…CALLING:GATK4_COMBINEGVCFS -
[-        ] POP…ING:GATK4_INDEXFEATUREFILE -
[-        ] POP…ALLING:GATK4_GENOTYPEGVCFS -
[-        ] POP…LTERING:VARIANT_FILTRATION -
[-        ] POP…_FILTERING:SELECT_VARIANTS -
[-        ] POP…IANT_FILTERING:FILTER_SNPS -
[-        ] POP…_FILTERING:ADD_VARIANT_IDS -

executor >  slurm (41)
[ea/9f912e] POP…AD_TRIMMING:FASTP (638193) | 0 of 38
[d0/0b04a7] POP…Bgt_USA_2_genome_v1.fasta) | 1 of 1 ✔
[-        ] POP…RKDUP_COVERAGE:BWAMEM2_MEM -
[-        ] POP…RAGE:PICARD_MARKDUPLICATES -
[-        ] POP…UP_COVERAGE:SAMTOOLS_INDEX -
[-        ] POP…UP_COVERAGE:COVERAGE_STATS -
[-        ] POP…P_COVERAGE:GENOME_COVERAGE -
[-        ] POP…W:PREPARE_REFERENCE:GUNZIP -
[8a/754f58] POP…Bgt_USA_2_genome_v1.fasta) | 1 of 1 ✔
[75/a4e397] POP…Bgt_USA_2_genome_v1.fasta) | 1 of 1 ✔
[-        ] POP…LING:GATK4_HAPLOTYPECALLER -
[-        ] POP…CALLING:GATK4_COMBINEGVCFS -
[-        ] POP…ING:GATK4_INDEXFEATUREFILE -
[-        ] POP…ALLING:GATK4_GENOTYPEGVCFS -
[-        ] POP…LTERING:VARIANT_FILTRATION -
[-        ] POP…_FILTERING:SELECT_VARIANTS -
[-        ] POP…IANT_FILTERING:FILTER_SNPS -
[-        ] POP…_FILTERING:ADD_VARIANT_IDS -

executor >  slurm (41)
[ea/9f912e] POP…AD_TRIMMING:FASTP (638193) | 0 of 38
[d0/0b04a7] POP…Bgt_USA_2_genome_v1.fasta) | 1 of 1 ✔
[-        ] POP…RKDUP_COVERAGE:BWAMEM2_MEM -
[-        ] POP…RAGE:PICARD_MARKDUPLICATES -
[-        ] POP…UP_COVERAGE:SAMTOOLS_INDEX -
[-        ] POP…UP_COVERAGE:COVERAGE_STATS -
[-        ] POP…P_COVERAGE:GENOME_COVERAGE -
[-        ] POP…W:PREPARE_REFERENCE:GUNZIP -
[8a/754f58] POP…Bgt_USA_2_genome_v1.fasta) | 1 of 1 ✔
[75/a4e397] POP…Bgt_USA_2_genome_v1.fasta) | 1 of 1 ✔
[-        ] POP…LING:GATK4_HAPLOTYPECALLER -
[-        ] POP…CALLING:GATK4_COMBINEGVCFS -
[-        ] POP…ING:GATK4_INDEXFEATUREFILE -
[-        ] POP…ALLING:GATK4_GENOTYPEGVCFS -
[-        ] POP…LTERING:VARIANT_FILTRATION -
[-        ] POP…_FILTERING:SELECT_VARIANTS -
[-        ] POP…IANT_FILTERING:FILTER_SNPS -
[-        ] POP…_FILTERING:ADD_VARIANT_IDS -
Pulling Singularity image docker://community.wave.seqera.io/library/bwa-mem2_htslib_samtools:db98f81f55b64113 [cache /scratch/pawsey1142/kgagalova/pop_analysis/test_fastp/MycoPops/singularity_cache/community.wave.seqera.io-library-bwa-mem2_htslib_samtools-db98f81f55b64113.img]

executor >  slurm (41)
[69/e7d00b] POP…AD_TRIMMING:FASTP (638177) | 1 of 38
[d0/0b04a7] POP…Bgt_USA_2_genome_v1.fasta) | 1 of 1 ✔
[-        ] POP…RKDUP_COVERAGE:BWAMEM2_MEM -
[-        ] POP…RAGE:PICARD_MARKDUPLICATES -
[-        ] POP…UP_COVERAGE:SAMTOOLS_INDEX -
[-        ] POP…UP_COVERAGE:COVERAGE_STATS -
[-        ] POP…P_COVERAGE:GENOME_COVERAGE -
[-        ] POP…W:PREPARE_REFERENCE:GUNZIP -
[8a/754f58] POP…Bgt_USA_2_genome_v1.fasta) | 1 of 1 ✔
[75/a4e397] POP…Bgt_USA_2_genome_v1.fasta) | 1 of 1 ✔
[-        ] POP…LING:GATK4_HAPLOTYPECALLER -
[-        ] POP…CALLING:GATK4_COMBINEGVCFS -
[-        ] POP…ING:GATK4_INDEXFEATUREFILE -
[-        ] POP…ALLING:GATK4_GENOTYPEGVCFS -
[-        ] POP…LTERING:VARIANT_FILTRATION -
[-        ] POP…_FILTERING:SELECT_VARIANTS -
[-        ] POP…IANT_FILTERING:FILTER_SNPS -
[-        ] POP…_FILTERING:ADD_VARIANT_IDS -
Pulling Singularity image docker://community.wave.seqera.io/library/bwa-mem2_htslib_samtools:db98f81f55b64113 [cache /scratch/pawsey1142/kgagalova/pop_analysis/test_fastp/MycoPops/singularity_cache/community.wave.seqera.io-library-bwa-mem2_htslib_samtools-db98f81f55b64113.img]

executor >  slurm (41)
[69/e7d00b] POP…AD_TRIMMING:FASTP (638177) | 1 of 38
[d0/0b04a7] POP…Bgt_USA_2_genome_v1.fasta) | 1 of 1 ✔
[-        ] POP…RKDUP_COVERAGE:BWAMEM2_MEM | 0 of 1
[-        ] POP…RAGE:PICARD_MARKDUPLICATES -
[-        ] POP…UP_COVERAGE:SAMTOOLS_INDEX -
[-        ] POP…UP_COVERAGE:COVERAGE_STATS -
[-        ] POP…P_COVERAGE:GENOME_COVERAGE -
[-        ] POP…W:PREPARE_REFERENCE:GUNZIP -
[8a/754f58] POP…Bgt_USA_2_genome_v1.fasta) | 1 of 1 ✔
[75/a4e397] POP…Bgt_USA_2_genome_v1.fasta) | 1 of 1 ✔
[-        ] POP…LING:GATK4_HAPLOTYPECALLER -
[-        ] POP…CALLING:GATK4_COMBINEGVCFS -
[-        ] POP…ING:GATK4_INDEXFEATUREFILE -
[-        ] POP…ALLING:GATK4_GENOTYPEGVCFS -
[-        ] POP…LTERING:VARIANT_FILTRATION -
[-        ] POP…_FILTERING:SELECT_VARIANTS -
[-        ] POP…IANT_FILTERING:FILTER_SNPS -
[-        ] POP…_FILTERING:ADD_VARIANT_IDS -
Pulling Singularity image docker://community.wave.seqera.io/library/bwa-mem2_htslib_samtools:db98f81f55b64113 [cache /scratch/pawsey1142/kgagalova/pop_analysis/test_fastp/MycoPops/singularity_cache/community.wave.seqera.io-library-bwa-mem2_htslib_samtools-db98f81f55b64113.img]

executor >  slurm (41)
[3d/869372] POP…AD_TRIMMING:FASTP (638179) | 2 of 38
[d0/0b04a7] POP…Bgt_USA_2_genome_v1.fasta) | 1 of 1 ✔
[-        ] POP…RKDUP_COVERAGE:BWAMEM2_MEM | 0 of 2
[-        ] POP…RAGE:PICARD_MARKDUPLICATES -
[-        ] POP…UP_COVERAGE:SAMTOOLS_INDEX -
[-        ] POP…UP_COVERAGE:COVERAGE_STATS -
[-        ] POP…P_COVERAGE:GENOME_COVERAGE -
[-        ] POP…W:PREPARE_REFERENCE:GUNZIP -
[8a/754f58] POP…Bgt_USA_2_genome_v1.fasta) | 1 of 1 ✔
[75/a4e397] POP…Bgt_USA_2_genome_v1.fasta) | 1 of 1 ✔
[-        ] POP…LING:GATK4_HAPLOTYPECALLER -
[-        ] POP…CALLING:GATK4_COMBINEGVCFS -
[-        ] POP…ING:GATK4_INDEXFEATUREFILE -
[-        ] POP…ALLING:GATK4_GENOTYPEGVCFS -
[-        ] POP…LTERING:VARIANT_FILTRATION -
[-        ] POP…_FILTERING:SELECT_VARIANTS -
[-        ] POP…IANT_FILTERING:FILTER_SNPS -
[-        ] POP…_FILTERING:ADD_VARIANT_IDS -
Pulling Singularity image docker://community.wave.seqera.io/library/bwa-mem2_htslib_samtools:db98f81f55b64113 [cache /scratch/pawsey1142/kgagalova/pop_analysis/test_fastp/MycoPops/singularity_cache/community.wave.seqera.io-library-bwa-mem2_htslib_samtools-db98f81f55b64113.img]

executor >  slurm (42)
[3d/869372] POP…AD_TRIMMING:FASTP (638179) | 2 of 38
[d0/0b04a7] POP…Bgt_USA_2_genome_v1.fasta) | 1 of 1 ✔
[ea/1108c3] POP…ERAGE:BWAMEM2_MEM (638177) | 0 of 2
[-        ] POP…RAGE:PICARD_MARKDUPLICATES -
[-        ] POP…UP_COVERAGE:SAMTOOLS_INDEX -
[-        ] POP…UP_COVERAGE:COVERAGE_STATS -
[-        ] POP…P_COVERAGE:GENOME_COVERAGE -
[-        ] POP…W:PREPARE_REFERENCE:GUNZIP -
[8a/754f58] POP…Bgt_USA_2_genome_v1.fasta) | 1 of 1 ✔
[75/a4e397] POP…Bgt_USA_2_genome_v1.fasta) | 1 of 1 ✔
[-        ] POP…LING:GATK4_HAPLOTYPECALLER -
[-        ] POP…CALLING:GATK4_COMBINEGVCFS -
[-        ] POP…ING:GATK4_INDEXFEATUREFILE -
[-        ] POP…ALLING:GATK4_GENOTYPEGVCFS -
[-        ] POP…LTERING:VARIANT_FILTRATION -
[-        ] POP…_FILTERING:SELECT_VARIANTS -
[-        ] POP…IANT_FILTERING:FILTER_SNPS -
[-        ] POP…_FILTERING:ADD_VARIANT_IDS -
Pulling Singularity image docker://community.wave.seqera.io/library/bwa-mem2_htslib_samtools:db98f81f55b64113 [cache /scratch/pawsey1142/kgagalova/pop_analysis/test_fastp/MycoPops/singularity_cache/community.wave.seqera.io-library-bwa-mem2_htslib_samtools-db98f81f55b64113.img]

executor >  slurm (43)
[3d/869372] POP…AD_TRIMMING:FASTP (638179) | 2 of 38
[d0/0b04a7] POP…Bgt_USA_2_genome_v1.fasta) | 1 of 1 ✔
[cc/621c1b] POP…ERAGE:BWAMEM2_MEM (638179) | 0 of 2
[-        ] POP…RAGE:PICARD_MARKDUPLICATES -
[-        ] POP…UP_COVERAGE:SAMTOOLS_INDEX -
[-        ] POP…UP_COVERAGE:COVERAGE_STATS -
[-        ] POP…P_COVERAGE:GENOME_COVERAGE -
[-        ] POP…W:PREPARE_REFERENCE:GUNZIP -
[8a/754f58] POP…Bgt_USA_2_genome_v1.fasta) | 1 of 1 ✔
[75/a4e397] POP…Bgt_USA_2_genome_v1.fasta) | 1 of 1 ✔
[-        ] POP…LING:GATK4_HAPLOTYPECALLER -
[-        ] POP…CALLING:GATK4_COMBINEGVCFS -
[-        ] POP…ING:GATK4_INDEXFEATUREFILE -
[-        ] POP…ALLING:GATK4_GENOTYPEGVCFS -
[-        ] POP…LTERING:VARIANT_FILTRATION -
[-        ] POP…_FILTERING:SELECT_VARIANTS -
[-        ] POP…IANT_FILTERING:FILTER_SNPS -
[-        ] POP…_FILTERING:ADD_VARIANT_IDS -
Pulling Singularity image docker://community.wave.seqera.io/library/bwa-mem2_htslib_samtools:db98f81f55b64113 [cache /scratch/pawsey1142/kgagalova/pop_analysis/test_fastp/MycoPops/singularity_cache/community.wave.seqera.io-library-bwa-mem2_htslib_samtools-db98f81f55b64113.img]

executor >  slurm (43)
[1c/53e9c1] POP…AD_TRIMMING:FASTP (638189) | 4 of 38
[d0/0b04a7] POP…Bgt_USA_2_genome_v1.fasta) | 1 of 1 ✔
[cc/621c1b] POP…ERAGE:BWAMEM2_MEM (638179) | 0 of 4
[-        ] POP…RAGE:PICARD_MARKDUPLICATES -
[-        ] POP…UP_COVERAGE:SAMTOOLS_INDEX -
[-        ] POP…UP_COVERAGE:COVERAGE_STATS -
[-        ] POP…P_COVERAGE:GENOME_COVERAGE -
[-        ] POP…W:PREPARE_REFERENCE:GUNZIP -
[8a/754f58] POP…Bgt_USA_2_genome_v1.fasta) | 1 of 1 ✔
[75/a4e397] POP…Bgt_USA_2_genome_v1.fasta) | 1 of 1 ✔
[-        ] POP…LING:GATK4_HAPLOTYPECALLER -
[-        ] POP…CALLING:GATK4_COMBINEGVCFS -
[-        ] POP…ING:GATK4_INDEXFEATUREFILE -
[-        ] POP…ALLING:GATK4_GENOTYPEGVCFS -
[-        ] POP…LTERING:VARIANT_FILTRATION -
[-        ] POP…_FILTERING:SELECT_VARIANTS -
[-        ] POP…IANT_FILTERING:FILTER_SNPS -
[-        ] POP…_FILTERING:ADD_VARIANT_IDS -
Pulling Singularity image docker://community.wave.seqera.io/library/bwa-mem2_htslib_samtools:db98f81f55b64113 [cache /scratch/pawsey1142/kgagalova/pop_analysis/test_fastp/MycoPops/singularity_cache/community.wave.seqera.io-library-bwa-mem2_htslib_samtools-db98f81f55b64113.img]

executor >  slurm (44)
[1c/53e9c1] POP…AD_TRIMMING:FASTP (638189) | 4 of 38
[d0/0b04a7] POP…Bgt_USA_2_genome_v1.fasta) | 1 of 1 ✔
[bb/c21c1c] POP…ERAGE:BWAMEM2_MEM (638172) | 0 of 4
[-        ] POP…RAGE:PICARD_MARKDUPLICATES -
[-        ] POP…UP_COVERAGE:SAMTOOLS_INDEX -
[-        ] POP…UP_COVERAGE:COVERAGE_STATS -
[-        ] POP…P_COVERAGE:GENOME_COVERAGE -
[-        ] POP…W:PREPARE_REFERENCE:GUNZIP -
[8a/754f58] POP…Bgt_USA_2_genome_v1.fasta) | 1 of 1 ✔
[75/a4e397] POP…Bgt_USA_2_genome_v1.fasta) | 1 of 1 ✔
[-        ] POP…LING:GATK4_HAPLOTYPECALLER -
[-        ] POP…CALLING:GATK4_COMBINEGVCFS -
[-        ] POP…ING:GATK4_INDEXFEATUREFILE -
[-        ] POP…ALLING:GATK4_GENOTYPEGVCFS -
[-        ] POP…LTERING:VARIANT_FILTRATION -
[-        ] POP…_FILTERING:SELECT_VARIANTS -
[-        ] POP…IANT_FILTERING:FILTER_SNPS -
[-        ] POP…_FILTERING:ADD_VARIANT_IDS -
Pulling Singularity image docker://community.wave.seqera.io/library/bwa-mem2_htslib_samtools:db98f81f55b64113 [cache /scratch/pawsey1142/kgagalova/pop_analysis/test_fastp/MycoPops/singularity_cache/community.wave.seqera.io-library-bwa-mem2_htslib_samtools-db98f81f55b64113.img]

executor >  slurm (45)
[1c/53e9c1] POP…AD_TRIMMING:FASTP (638189) | 4 of 38
[d0/0b04a7] POP…Bgt_USA_2_genome_v1.fasta) | 1 of 1 ✔
[ff/d9022f] POP…ERAGE:BWAMEM2_MEM (638189) | 0 of 4
[-        ] POP…RAGE:PICARD_MARKDUPLICATES -
[-        ] POP…UP_COVERAGE:SAMTOOLS_INDEX -
[-        ] POP…UP_COVERAGE:COVERAGE_STATS -
[-        ] POP…P_COVERAGE:GENOME_COVERAGE -
[-        ] POP…W:PREPARE_REFERENCE:GUNZIP -
[8a/754f58] POP…Bgt_USA_2_genome_v1.fasta) | 1 of 1 ✔
[75/a4e397] POP…Bgt_USA_2_genome_v1.fasta) | 1 of 1 ✔
[-        ] POP…LING:GATK4_HAPLOTYPECALLER -
[-        ] POP…CALLING:GATK4_COMBINEGVCFS -
[-        ] POP…ING:GATK4_INDEXFEATUREFILE -
[-        ] POP…ALLING:GATK4_GENOTYPEGVCFS -
[-        ] POP…LTERING:VARIANT_FILTRATION -
[-        ] POP…_FILTERING:SELECT_VARIANTS -
[-        ] POP…IANT_FILTERING:FILTER_SNPS -
[-        ] POP…_FILTERING:ADD_VARIANT_IDS -
Pulling Singularity image docker://community.wave.seqera.io/library/bwa-mem2_htslib_samtools:db98f81f55b64113 [cache /scratch/pawsey1142/kgagalova/pop_analysis/test_fastp/MycoPops/singularity_cache/community.wave.seqera.io-library-bwa-mem2_htslib_samtools-db98f81f55b64113.img]

executor >  slurm (45)
[27/8f73bd] POP…AD_TRIMMING:FASTP (638174) | 7 of 38
[d0/0b04a7] POP…Bgt_USA_2_genome_v1.fasta) | 1 of 1 ✔
[ff/d9022f] POP…ERAGE:BWAMEM2_MEM (638189) | 0 of 7
[-        ] POP…RAGE:PICARD_MARKDUPLICATES -
[-        ] POP…UP_COVERAGE:SAMTOOLS_INDEX -
[-        ] POP…UP_COVERAGE:COVERAGE_STATS -
[-        ] POP…P_COVERAGE:GENOME_COVERAGE -
[-        ] POP…W:PREPARE_REFERENCE:GUNZIP -
[8a/754f58] POP…Bgt_USA_2_genome_v1.fasta) | 1 of 1 ✔
[75/a4e397] POP…Bgt_USA_2_genome_v1.fasta) | 1 of 1 ✔
[-        ] POP…LING:GATK4_HAPLOTYPECALLER -
[-        ] POP…CALLING:GATK4_COMBINEGVCFS -
[-        ] POP…ING:GATK4_INDEXFEATUREFILE -
[-        ] POP…ALLING:GATK4_GENOTYPEGVCFS -
[-        ] POP…LTERING:VARIANT_FILTRATION -
[-        ] POP…_FILTERING:SELECT_VARIANTS -
[-        ] POP…IANT_FILTERING:FILTER_SNPS -
[-        ] POP…_FILTERING:ADD_VARIANT_IDS -
Pulling Singularity image docker://community.wave.seqera.io/library/bwa-mem2_htslib_samtools:db98f81f55b64113 [cache /scratch/pawsey1142/kgagalova/pop_analysis/test_fastp/MycoPops/singularity_cache/community.wave.seqera.io-library-bwa-mem2_htslib_samtools-db98f81f55b64113.img]

executor >  slurm (47)
[27/8f73bd] POP…AD_TRIMMING:FASTP (638174) | 7 of 38
[d0/0b04a7] POP…Bgt_USA_2_genome_v1.fasta) | 1 of 1 ✔
[61/dae97a] POP…ERAGE:BWAMEM2_MEM (638173) | 0 of 7
[-        ] POP…RAGE:PICARD_MARKDUPLICATES -
[-        ] POP…UP_COVERAGE:SAMTOOLS_INDEX -
[-        ] POP…UP_COVERAGE:COVERAGE_STATS -
[-        ] POP…P_COVERAGE:GENOME_COVERAGE -
[-        ] POP…W:PREPARE_REFERENCE:GUNZIP -
[8a/754f58] POP…Bgt_USA_2_genome_v1.fasta) | 1 of 1 ✔
[75/a4e397] POP…Bgt_USA_2_genome_v1.fasta) | 1 of 1 ✔
[-        ] POP…LING:GATK4_HAPLOTYPECALLER -
[-        ] POP…CALLING:GATK4_COMBINEGVCFS -
[-        ] POP…ING:GATK4_INDEXFEATUREFILE -
[-        ] POP…ALLING:GATK4_GENOTYPEGVCFS -
[-        ] POP…LTERING:VARIANT_FILTRATION -
[-        ] POP…_FILTERING:SELECT_VARIANTS -
[-        ] POP…IANT_FILTERING:FILTER_SNPS -
[-        ] POP…_FILTERING:ADD_VARIANT_IDS -
Pulling Singularity image docker://community.wave.seqera.io/library/bwa-mem2_htslib_samtools:db98f81f55b64113 [cache /scratch/pawsey1142/kgagalova/pop_analysis/test_fastp/MycoPops/singularity_cache/community.wave.seqera.io-library-bwa-mem2_htslib_samtools-db98f81f55b64113.img]

executor >  slurm (48)
[27/8f73bd] POP…AD_TRIMMING:FASTP (638174) | 7 of 38
[d0/0b04a7] POP…Bgt_USA_2_genome_v1.fasta) | 1 of 1 ✔
[ce/0a3e8b] POP…ERAGE:BWAMEM2_MEM (638174) | 0 of 7
[-        ] POP…RAGE:PICARD_MARKDUPLICATES -
[-        ] POP…UP_COVERAGE:SAMTOOLS_INDEX -
[-        ] POP…UP_COVERAGE:COVERAGE_STATS -
[-        ] POP…P_COVERAGE:GENOME_COVERAGE -
[-        ] POP…W:PREPARE_REFERENCE:GUNZIP -
[8a/754f58] POP…Bgt_USA_2_genome_v1.fasta) | 1 of 1 ✔
[75/a4e397] POP…Bgt_USA_2_genome_v1.fasta) | 1 of 1 ✔
[-        ] POP…LING:GATK4_HAPLOTYPECALLER -
[-        ] POP…CALLING:GATK4_COMBINEGVCFS -
[-        ] POP…ING:GATK4_INDEXFEATUREFILE -
[-        ] POP…ALLING:GATK4_GENOTYPEGVCFS -
[-        ] POP…LTERING:VARIANT_FILTRATION -
[-        ] POP…_FILTERING:SELECT_VARIANTS -
[-        ] POP…IANT_FILTERING:FILTER_SNPS -
[-        ] POP…_FILTERING:ADD_VARIANT_IDS -
Pulling Singularity image docker://community.wave.seqera.io/library/bwa-mem2_htslib_samtools:db98f81f55b64113 [cache /scratch/pawsey1142/kgagalova/pop_analysis/test_fastp/MycoPops/singularity_cache/community.wave.seqera.io-library-bwa-mem2_htslib_samtools-db98f81f55b64113.img]

executor >  slurm (48)
[15/39c3a8] POP…AD_TRIMMING:FASTP (638175) | 8 of 38
[d0/0b04a7] POP…Bgt_USA_2_genome_v1.fasta) | 1 of 1 ✔
[ce/0a3e8b] POP…ERAGE:BWAMEM2_MEM (638174) | 0 of 8
[-        ] POP…RAGE:PICARD_MARKDUPLICATES -
[-        ] POP…UP_COVERAGE:SAMTOOLS_INDEX -
[-        ] POP…UP_COVERAGE:COVERAGE_STATS -
[-        ] POP…P_COVERAGE:GENOME_COVERAGE -
[-        ] POP…W:PREPARE_REFERENCE:GUNZIP -
[8a/754f58] POP…Bgt_USA_2_genome_v1.fasta) | 1 of 1 ✔
[75/a4e397] POP…Bgt_USA_2_genome_v1.fasta) | 1 of 1 ✔
[-        ] POP…LING:GATK4_HAPLOTYPECALLER -
[-        ] POP…CALLING:GATK4_COMBINEGVCFS -
[-        ] POP…ING:GATK4_INDEXFEATUREFILE -
[-        ] POP…ALLING:GATK4_GENOTYPEGVCFS -
[-        ] POP…LTERING:VARIANT_FILTRATION -
[-        ] POP…_FILTERING:SELECT_VARIANTS -
[-        ] POP…IANT_FILTERING:FILTER_SNPS -
[-        ] POP…_FILTERING:ADD_VARIANT_IDS -
Pulling Singularity image docker://community.wave.seqera.io/library/bwa-mem2_htslib_samtools:db98f81f55b64113 [cache /scratch/pawsey1142/kgagalova/pop_analysis/test_fastp/MycoPops/singularity_cache/community.wave.seqera.io-library-bwa-mem2_htslib_samtools-db98f81f55b64113.img]

executor >  slurm (49)
[15/39c3a8] POP…AD_TRIMMING:FASTP (638175) | 8 of 38
[d0/0b04a7] POP…Bgt_USA_2_genome_v1.fasta) | 1 of 1 ✔
[30/af0aed] POP…ERAGE:BWAMEM2_MEM (638175) | 0 of 8
[-        ] POP…RAGE:PICARD_MARKDUPLICATES -
[-        ] POP…UP_COVERAGE:SAMTOOLS_INDEX -
[-        ] POP…UP_COVERAGE:COVERAGE_STATS -
[-        ] POP…P_COVERAGE:GENOME_COVERAGE -
[-        ] POP…W:PREPARE_REFERENCE:GUNZIP -
[8a/754f58] POP…Bgt_USA_2_genome_v1.fasta) | 1 of 1 ✔
[75/a4e397] POP…Bgt_USA_2_genome_v1.fasta) | 1 of 1 ✔
[-        ] POP…LING:GATK4_HAPLOTYPECALLER -
[-        ] POP…CALLING:GATK4_COMBINEGVCFS -
[-        ] POP…ING:GATK4_INDEXFEATUREFILE -
[-        ] POP…ALLING:GATK4_GENOTYPEGVCFS -
[-        ] POP…LTERING:VARIANT_FILTRATION -
[-        ] POP…_FILTERING:SELECT_VARIANTS -
[-        ] POP…IANT_FILTERING:FILTER_SNPS -
[-        ] POP…_FILTERING:ADD_VARIANT_IDS -
Pulling Singularity image docker://community.wave.seqera.io/library/bwa-mem2_htslib_samtools:db98f81f55b64113 [cache /scratch/pawsey1142/kgagalova/pop_analysis/test_fastp/MycoPops/singularity_cache/community.wave.seqera.io-library-bwa-mem2_htslib_samtools-db98f81f55b64113.img]

executor >  slurm (49)
[c6/920d77] POP…AD_TRIMMING:FASTP (638185) | 12 of 38
[d0/0b04a7] POP…Bgt_USA_2_genome_v1.fasta) | 1 of 1 ✔
[30/af0aed] POP…ERAGE:BWAMEM2_MEM (638175) | 0 of 12
[-        ] POP…RAGE:PICARD_MARKDUPLICATES -
[-        ] POP…UP_COVERAGE:SAMTOOLS_INDEX -
[-        ] POP…UP_COVERAGE:COVERAGE_STATS -
[-        ] POP…P_COVERAGE:GENOME_COVERAGE -
[-        ] POP…W:PREPARE_REFERENCE:GUNZIP -
[8a/754f58] POP…Bgt_USA_2_genome_v1.fasta) | 1 of 1 ✔
[75/a4e397] POP…Bgt_USA_2_genome_v1.fasta) | 1 of 1 ✔
[-        ] POP…LING:GATK4_HAPLOTYPECALLER -
[-        ] POP…CALLING:GATK4_COMBINEGVCFS -
[-        ] POP…ING:GATK4_INDEXFEATUREFILE -
[-        ] POP…ALLING:GATK4_GENOTYPEGVCFS -
[-        ] POP…LTERING:VARIANT_FILTRATION -
[-        ] POP…_FILTERING:SELECT_VARIANTS -
[-        ] POP…IANT_FILTERING:FILTER_SNPS -
[-        ] POP…_FILTERING:ADD_VARIANT_IDS -
Pulling Singularity image docker://community.wave.seqera.io/library/bwa-mem2_htslib_samtools:db98f81f55b64113 [cache /scratch/pawsey1142/kgagalova/pop_analysis/test_fastp/MycoPops/singularity_cache/community.wave.seqera.io-library-bwa-mem2_htslib_samtools-db98f81f55b64113.img]

executor >  slurm (52)
[c6/920d77] POP…AD_TRIMMING:FASTP (638185) | 12 of 38
[d0/0b04a7] POP…Bgt_USA_2_genome_v1.fasta) | 1 of 1 ✔
[86/7fb5e1] POP…ERAGE:BWAMEM2_MEM (638184) | 0 of 12
[-        ] POP…RAGE:PICARD_MARKDUPLICATES -
[-        ] POP…UP_COVERAGE:SAMTOOLS_INDEX -
[-        ] POP…UP_COVERAGE:COVERAGE_STATS -
[-        ] POP…P_COVERAGE:GENOME_COVERAGE -
[-        ] POP…W:PREPARE_REFERENCE:GUNZIP -
[8a/754f58] POP…Bgt_USA_2_genome_v1.fasta) | 1 of 1 ✔
[75/a4e397] POP…Bgt_USA_2_genome_v1.fasta) | 1 of 1 ✔
[-        ] POP…LING:GATK4_HAPLOTYPECALLER -
[-        ] POP…CALLING:GATK4_COMBINEGVCFS -
[-        ] POP…ING:GATK4_INDEXFEATUREFILE -
[-        ] POP…ALLING:GATK4_GENOTYPEGVCFS -
[-        ] POP…LTERING:VARIANT_FILTRATION -
[-        ] POP…_FILTERING:SELECT_VARIANTS -
[-        ] POP…IANT_FILTERING:FILTER_SNPS -
[-        ] POP…_FILTERING:ADD_VARIANT_IDS -
Pulling Singularity image docker://community.wave.seqera.io/library/bwa-mem2_htslib_samtools:db98f81f55b64113 [cache /scratch/pawsey1142/kgagalova/pop_analysis/test_fastp/MycoPops/singularity_cache/community.wave.seqera.io-library-bwa-mem2_htslib_samtools-db98f81f55b64113.img]

executor >  slurm (53)
[c6/920d77] POP…AD_TRIMMING:FASTP (638185) | 12 of 38
[d0/0b04a7] POP…Bgt_USA_2_genome_v1.fasta) | 1 of 1 ✔
[07/adddde] POP…ERAGE:BWAMEM2_MEM (638185) | 0 of 12
[-        ] POP…RAGE:PICARD_MARKDUPLICATES -
[-        ] POP…UP_COVERAGE:SAMTOOLS_INDEX -
[-        ] POP…UP_COVERAGE:COVERAGE_STATS -
[-        ] POP…P_COVERAGE:GENOME_COVERAGE -
[-        ] POP…W:PREPARE_REFERENCE:GUNZIP -
[8a/754f58] POP…Bgt_USA_2_genome_v1.fasta) | 1 of 1 ✔
[75/a4e397] POP…Bgt_USA_2_genome_v1.fasta) | 1 of 1 ✔
[-        ] POP…LING:GATK4_HAPLOTYPECALLER -
[-        ] POP…CALLING:GATK4_COMBINEGVCFS -
[-        ] POP…ING:GATK4_INDEXFEATUREFILE -
[-        ] POP…ALLING:GATK4_GENOTYPEGVCFS -
[-        ] POP…LTERING:VARIANT_FILTRATION -
[-        ] POP…_FILTERING:SELECT_VARIANTS -
[-        ] POP…IANT_FILTERING:FILTER_SNPS -
[-        ] POP…_FILTERING:ADD_VARIANT_IDS -
Pulling Singularity image docker://community.wave.seqera.io/library/bwa-mem2_htslib_samtools:db98f81f55b64113 [cache /scratch/pawsey1142/kgagalova/pop_analysis/test_fastp/MycoPops/singularity_cache/community.wave.seqera.io-library-bwa-mem2_htslib_samtools-db98f81f55b64113.img]

executor >  slurm (53)
[06/4ec314] POP…AD_TRIMMING:FASTP (638187) | 16 of 38
[d0/0b04a7] POP…Bgt_USA_2_genome_v1.fasta) | 1 of 1 ✔
[07/adddde] POP…ERAGE:BWAMEM2_MEM (638185) | 0 of 16
[-        ] POP…RAGE:PICARD_MARKDUPLICATES -
[-        ] POP…UP_COVERAGE:SAMTOOLS_INDEX -
[-        ] POP…UP_COVERAGE:COVERAGE_STATS -
[-        ] POP…P_COVERAGE:GENOME_COVERAGE -
[-        ] POP…W:PREPARE_REFERENCE:GUNZIP -
[8a/754f58] POP…Bgt_USA_2_genome_v1.fasta) | 1 of 1 ✔
[75/a4e397] POP…Bgt_USA_2_genome_v1.fasta) | 1 of 1 ✔
[-        ] POP…LING:GATK4_HAPLOTYPECALLER -
[-        ] POP…CALLING:GATK4_COMBINEGVCFS -
[-        ] POP…ING:GATK4_INDEXFEATUREFILE -
[-        ] POP…ALLING:GATK4_GENOTYPEGVCFS -
[-        ] POP…LTERING:VARIANT_FILTRATION -
[-        ] POP…_FILTERING:SELECT_VARIANTS -
[-        ] POP…IANT_FILTERING:FILTER_SNPS -
[-        ] POP…_FILTERING:ADD_VARIANT_IDS -
Pulling Singularity image docker://community.wave.seqera.io/library/bwa-mem2_htslib_samtools:db98f81f55b64113 [cache /scratch/pawsey1142/kgagalova/pop_analysis/test_fastp/MycoPops/singularity_cache/community.wave.seqera.io-library-bwa-mem2_htslib_samtools-db98f81f55b64113.img]

executor >  slurm (56)
[06/4ec314] POP…AD_TRIMMING:FASTP (638187) | 16 of 38
[d0/0b04a7] POP…Bgt_USA_2_genome_v1.fasta) | 1 of 1 ✔
[52/71c492] POP…ERAGE:BWAMEM2_MEM (638190) | 0 of 16
[-        ] POP…RAGE:PICARD_MARKDUPLICATES -
[-        ] POP…UP_COVERAGE:SAMTOOLS_INDEX -
[-        ] POP…UP_COVERAGE:COVERAGE_STATS -
[-        ] POP…P_COVERAGE:GENOME_COVERAGE -
[-        ] POP…W:PREPARE_REFERENCE:GUNZIP -
[8a/754f58] POP…Bgt_USA_2_genome_v1.fasta) | 1 of 1 ✔
[75/a4e397] POP…Bgt_USA_2_genome_v1.fasta) | 1 of 1 ✔
[-        ] POP…LING:GATK4_HAPLOTYPECALLER -
[-        ] POP…CALLING:GATK4_COMBINEGVCFS -
[-        ] POP…ING:GATK4_INDEXFEATUREFILE -
[-        ] POP…ALLING:GATK4_GENOTYPEGVCFS -
[-        ] POP…LTERING:VARIANT_FILTRATION -
[-        ] POP…_FILTERING:SELECT_VARIANTS -
[-        ] POP…IANT_FILTERING:FILTER_SNPS -
[-        ] POP…_FILTERING:ADD_VARIANT_IDS -


executor >  slurm (57)
[06/4ec314] POP…AD_TRIMMING:FASTP (638187) | 16 of 38
[d0/0b04a7] POP…Bgt_USA_2_genome_v1.fasta) | 1 of 1 ✔
[db/b17d1c] POP…ERAGE:BWAMEM2_MEM (638187) | 0 of 16
[-        ] POP…RAGE:PICARD_MARKDUPLICATES -
[-        ] POP…UP_COVERAGE:SAMTOOLS_INDEX -
[-        ] POP…UP_COVERAGE:COVERAGE_STATS -
[-        ] POP…P_COVERAGE:GENOME_COVERAGE -
[-        ] POP…W:PREPARE_REFERENCE:GUNZIP -
[8a/754f58] POP…Bgt_USA_2_genome_v1.fasta) | 1 of 1 ✔
[75/a4e397] POP…Bgt_USA_2_genome_v1.fasta) | 1 of 1 ✔
[-        ] POP…LING:GATK4_HAPLOTYPECALLER -
[-        ] POP…CALLING:GATK4_COMBINEGVCFS -
[-        ] POP…ING:GATK4_INDEXFEATUREFILE -
[-        ] POP…ALLING:GATK4_GENOTYPEGVCFS -
[-        ] POP…LTERING:VARIANT_FILTRATION -
[-        ] POP…_FILTERING:SELECT_VARIANTS -
[-        ] POP…IANT_FILTERING:FILTER_SNPS -
[-        ] POP…_FILTERING:ADD_VARIANT_IDS -


executor >  slurm (57)
[b3/7156a2] POP…AD_TRIMMING:FASTP (638181) | 19 of 38
[d0/0b04a7] POP…Bgt_USA_2_genome_v1.fasta) | 1 of 1 ✔
[db/b17d1c] POP…ERAGE:BWAMEM2_MEM (638187) | 0 of 19
[-        ] POP…RAGE:PICARD_MARKDUPLICATES -
[-        ] POP…UP_COVERAGE:SAMTOOLS_INDEX -
[-        ] POP…UP_COVERAGE:COVERAGE_STATS -
[-        ] POP…P_COVERAGE:GENOME_COVERAGE -
[-        ] POP…W:PREPARE_REFERENCE:GUNZIP -
[8a/754f58] POP…Bgt_USA_2_genome_v1.fasta) | 1 of 1 ✔
[75/a4e397] POP…Bgt_USA_2_genome_v1.fasta) | 1 of 1 ✔
[-        ] POP…LING:GATK4_HAPLOTYPECALLER -
[-        ] POP…CALLING:GATK4_COMBINEGVCFS -
[-        ] POP…ING:GATK4_INDEXFEATUREFILE -
[-        ] POP…ALLING:GATK4_GENOTYPEGVCFS -
[-        ] POP…LTERING:VARIANT_FILTRATION -
[-        ] POP…_FILTERING:SELECT_VARIANTS -
[-        ] POP…IANT_FILTERING:FILTER_SNPS -
[-        ] POP…_FILTERING:ADD_VARIANT_IDS -

executor >  slurm (60)
[b3/7156a2] POP…AD_TRIMMING:FASTP (638181) | 19 of 38
[d0/0b04a7] POP…Bgt_USA_2_genome_v1.fasta) | 1 of 1 ✔
[ad/31465d] POP…ERAGE:BWAMEM2_MEM (638181) | 0 of 19
[-        ] POP…RAGE:PICARD_MARKDUPLICATES -
[-        ] POP…UP_COVERAGE:SAMTOOLS_INDEX -
[-        ] POP…UP_COVERAGE:COVERAGE_STATS -
[-        ] POP…P_COVERAGE:GENOME_COVERAGE -
[-        ] POP…W:PREPARE_REFERENCE:GUNZIP -
[8a/754f58] POP…Bgt_USA_2_genome_v1.fasta) | 1 of 1 ✔
[75/a4e397] POP…Bgt_USA_2_genome_v1.fasta) | 1 of 1 ✔
[-        ] POP…LING:GATK4_HAPLOTYPECALLER -
[-        ] POP…CALLING:GATK4_COMBINEGVCFS -
[-        ] POP…ING:GATK4_INDEXFEATUREFILE -
[-        ] POP…ALLING:GATK4_GENOTYPEGVCFS -
[-        ] POP…LTERING:VARIANT_FILTRATION -
[-        ] POP…_FILTERING:SELECT_VARIANTS -
[-        ] POP…IANT_FILTERING:FILTER_SNPS -
[-        ] POP…_FILTERING:ADD_VARIANT_IDS -

executor >  slurm (61)
[4d/f71003] POP…AD_TRIMMING:FASTP (638191) | 22 of 38
[d0/0b04a7] POP…Bgt_USA_2_genome_v1.fasta) | 1 of 1 ✔
[2b/b028f8] POP…ERAGE:BWAMEM2_MEM (638182) | 0 of 22
[-        ] POP…RAGE:PICARD_MARKDUPLICATES -
[-        ] POP…UP_COVERAGE:SAMTOOLS_INDEX -
[-        ] POP…UP_COVERAGE:COVERAGE_STATS -
[-        ] POP…P_COVERAGE:GENOME_COVERAGE -
[-        ] POP…W:PREPARE_REFERENCE:GUNZIP -
[8a/754f58] POP…Bgt_USA_2_genome_v1.fasta) | 1 of 1 ✔
[75/a4e397] POP…Bgt_USA_2_genome_v1.fasta) | 1 of 1 ✔
[-        ] POP…LING:GATK4_HAPLOTYPECALLER -
[-        ] POP…CALLING:GATK4_COMBINEGVCFS -
[-        ] POP…ING:GATK4_INDEXFEATUREFILE -
[-        ] POP…ALLING:GATK4_GENOTYPEGVCFS -
[-        ] POP…LTERING:VARIANT_FILTRATION -
[-        ] POP…_FILTERING:SELECT_VARIANTS -
[-        ] POP…IANT_FILTERING:FILTER_SNPS -
[-        ] POP…_FILTERING:ADD_VARIANT_IDS -

executor >  slurm (63)
[4d/f71003] POP…AD_TRIMMING:FASTP (638191) | 22 of 38
[d0/0b04a7] POP…Bgt_USA_2_genome_v1.fasta) | 1 of 1 ✔
[26/e84d13] POP…ERAGE:BWAMEM2_MEM (638191) | 0 of 22
[-        ] POP…RAGE:PICARD_MARKDUPLICATES -
[-        ] POP…UP_COVERAGE:SAMTOOLS_INDEX -
[-        ] POP…UP_COVERAGE:COVERAGE_STATS -
[-        ] POP…P_COVERAGE:GENOME_COVERAGE -
[-        ] POP…W:PREPARE_REFERENCE:GUNZIP -
[8a/754f58] POP…Bgt_USA_2_genome_v1.fasta) | 1 of 1 ✔
[75/a4e397] POP…Bgt_USA_2_genome_v1.fasta) | 1 of 1 ✔
[-        ] POP…LING:GATK4_HAPLOTYPECALLER -
[-        ] POP…CALLING:GATK4_COMBINEGVCFS -
[-        ] POP…ING:GATK4_INDEXFEATUREFILE -
[-        ] POP…ALLING:GATK4_GENOTYPEGVCFS -
[-        ] POP…LTERING:VARIANT_FILTRATION -
[-        ] POP…_FILTERING:SELECT_VARIANTS -
[-        ] POP…IANT_FILTERING:FILTER_SNPS -
[-        ] POP…_FILTERING:ADD_VARIANT_IDS -

executor >  slurm (63)
[68/453e9a] POP…AD_TRIMMING:FASTP (638176) | 23 of 38
[d0/0b04a7] POP…Bgt_USA_2_genome_v1.fasta) | 1 of 1 ✔
[26/e84d13] POP…ERAGE:BWAMEM2_MEM (638191) | 0 of 23
[-        ] POP…RAGE:PICARD_MARKDUPLICATES -
[-        ] POP…UP_COVERAGE:SAMTOOLS_INDEX -
[-        ] POP…UP_COVERAGE:COVERAGE_STATS -
[-        ] POP…P_COVERAGE:GENOME_COVERAGE -
[-        ] POP…W:PREPARE_REFERENCE:GUNZIP -
[8a/754f58] POP…Bgt_USA_2_genome_v1.fasta) | 1 of 1 ✔
[75/a4e397] POP…Bgt_USA_2_genome_v1.fasta) | 1 of 1 ✔
[-        ] POP…LING:GATK4_HAPLOTYPECALLER -
[-        ] POP…CALLING:GATK4_COMBINEGVCFS -
[-        ] POP…ING:GATK4_INDEXFEATUREFILE -
[-        ] POP…ALLING:GATK4_GENOTYPEGVCFS -
[-        ] POP…LTERING:VARIANT_FILTRATION -
[-        ] POP…_FILTERING:SELECT_VARIANTS -
[-        ] POP…IANT_FILTERING:FILTER_SNPS -
[-        ] POP…_FILTERING:ADD_VARIANT_IDS -

executor >  slurm (64)
[68/453e9a] POP…AD_TRIMMING:FASTP (638176) | 23 of 38
[d0/0b04a7] POP…Bgt_USA_2_genome_v1.fasta) | 1 of 1 ✔
[2c/cce70f] POP…ERAGE:BWAMEM2_MEM (638176) | 0 of 23
[-        ] POP…RAGE:PICARD_MARKDUPLICATES -
[-        ] POP…UP_COVERAGE:SAMTOOLS_INDEX -
[-        ] POP…UP_COVERAGE:COVERAGE_STATS -
[-        ] POP…P_COVERAGE:GENOME_COVERAGE -
[-        ] POP…W:PREPARE_REFERENCE:GUNZIP -
[8a/754f58] POP…Bgt_USA_2_genome_v1.fasta) | 1 of 1 ✔
[75/a4e397] POP…Bgt_USA_2_genome_v1.fasta) | 1 of 1 ✔
[-        ] POP…LING:GATK4_HAPLOTYPECALLER -
[-        ] POP…CALLING:GATK4_COMBINEGVCFS -
[-        ] POP…ING:GATK4_INDEXFEATUREFILE -
[-        ] POP…ALLING:GATK4_GENOTYPEGVCFS -
[-        ] POP…LTERING:VARIANT_FILTRATION -
[-        ] POP…_FILTERING:SELECT_VARIANTS -
[-        ] POP…IANT_FILTERING:FILTER_SNPS -
[-        ] POP…_FILTERING:ADD_VARIANT_IDS -

executor >  slurm (64)
[68/453e9a] POP…AD_TRIMMING:FASTP (638176) | 23 of 38
[d0/0b04a7] POP…Bgt_USA_2_genome_v1.fasta) | 1 of 1 ✔
[2c/cce70f] POP…ERAGE:BWAMEM2_MEM (638176) | 0 of 23
[-        ] POP…RAGE:PICARD_MARKDUPLICATES -
[-        ] POP…UP_COVERAGE:SAMTOOLS_INDEX -
[-        ] POP…UP_COVERAGE:COVERAGE_STATS -
[-        ] POP…P_COVERAGE:GENOME_COVERAGE -
[-        ] POP…W:PREPARE_REFERENCE:GUNZIP -
[8a/754f58] POP…Bgt_USA_2_genome_v1.fasta) | 1 of 1 ✔
[75/a4e397] POP…Bgt_USA_2_genome_v1.fasta) | 1 of 1 ✔
[-        ] POP…LING:GATK4_HAPLOTYPECALLER -
[-        ] POP…CALLING:GATK4_COMBINEGVCFS -
[-        ] POP…ING:GATK4_INDEXFEATUREFILE -
[-        ] POP…ALLING:GATK4_GENOTYPEGVCFS -
[-        ] POP…LTERING:VARIANT_FILTRATION -
[-        ] POP…_FILTERING:SELECT_VARIANTS -
[-        ] POP…IANT_FILTERING:FILTER_SNPS -
[-        ] POP…_FILTERING:ADD_VARIANT_IDS -

executor >  slurm (64)
[68/453e9a] POP…AD_TRIMMING:FASTP (638176) | 23 of 38
[d0/0b04a7] POP…Bgt_USA_2_genome_v1.fasta) | 1 of 1 ✔
[2c/cce70f] POP…ERAGE:BWAMEM2_MEM (638176) | 0 of 23
[-        ] POP…RAGE:PICARD_MARKDUPLICATES -
[-        ] POP…UP_COVERAGE:SAMTOOLS_INDEX -
[-        ] POP…UP_COVERAGE:COVERAGE_STATS -
[-        ] POP…P_COVERAGE:GENOME_COVERAGE -
[-        ] POP…W:PREPARE_REFERENCE:GUNZIP -
[8a/754f58] POP…Bgt_USA_2_genome_v1.fasta) | 1 of 1 ✔
[75/a4e397] POP…Bgt_USA_2_genome_v1.fasta) | 1 of 1 ✔
[-        ] POP…LING:GATK4_HAPLOTYPECALLER -
[-        ] POP…CALLING:GATK4_COMBINEGVCFS -
[-        ] POP…ING:GATK4_INDEXFEATUREFILE -
[-        ] POP…ALLING:GATK4_GENOTYPEGVCFS -
[-        ] POP…LTERING:VARIANT_FILTRATION -
[-        ] POP…_FILTERING:SELECT_VARIANTS -
[-        ] POP…IANT_FILTERING:FILTER_SNPS -
[-        ] POP…_FILTERING:ADD_VARIANT_IDS -

executor >  slurm (65)
[ea/9f912e] POP…AD_TRIMMING:FASTP (638193) | 24 of 38
[d0/0b04a7] POP…Bgt_USA_2_genome_v1.fasta) | 1 of 1 ✔
[66/d227ed] POP…ERAGE:BWAMEM2_MEM (638193) | 0 of 24
[-        ] POP…RAGE:PICARD_MARKDUPLICATES -
[-        ] POP…UP_COVERAGE:SAMTOOLS_INDEX -
[-        ] POP…UP_COVERAGE:COVERAGE_STATS -
[-        ] POP…P_COVERAGE:GENOME_COVERAGE -
[-        ] POP…W:PREPARE_REFERENCE:GUNZIP -
[8a/754f58] POP…Bgt_USA_2_genome_v1.fasta) | 1 of 1 ✔
[75/a4e397] POP…Bgt_USA_2_genome_v1.fasta) | 1 of 1 ✔
[-        ] POP…LING:GATK4_HAPLOTYPECALLER -
[-        ] POP…CALLING:GATK4_COMBINEGVCFS -
[-        ] POP…ING:GATK4_INDEXFEATUREFILE -
[-        ] POP…ALLING:GATK4_GENOTYPEGVCFS -
[-        ] POP…LTERING:VARIANT_FILTRATION -
[-        ] POP…_FILTERING:SELECT_VARIANTS -
[-        ] POP…IANT_FILTERING:FILTER_SNPS -
[-        ] POP…_FILTERING:ADD_VARIANT_IDS -

executor >  slurm (65)
[ea/9f912e] POP…AD_TRIMMING:FASTP (638193) | 24 of 38
[d0/0b04a7] POP…Bgt_USA_2_genome_v1.fasta) | 1 of 1 ✔
[66/d227ed] POP…ERAGE:BWAMEM2_MEM (638193) | 0 of 24
[-        ] POP…RAGE:PICARD_MARKDUPLICATES -
[-        ] POP…UP_COVERAGE:SAMTOOLS_INDEX -
[-        ] POP…UP_COVERAGE:COVERAGE_STATS -
[-        ] POP…P_COVERAGE:GENOME_COVERAGE -
[-        ] POP…W:PREPARE_REFERENCE:GUNZIP -
[8a/754f58] POP…Bgt_USA_2_genome_v1.fasta) | 1 of 1 ✔
[75/a4e397] POP…Bgt_USA_2_genome_v1.fasta) | 1 of 1 ✔
[-        ] POP…LING:GATK4_HAPLOTYPECALLER -
[-        ] POP…CALLING:GATK4_COMBINEGVCFS -
[-        ] POP…ING:GATK4_INDEXFEATUREFILE -
[-        ] POP…ALLING:GATK4_GENOTYPEGVCFS -
[-        ] POP…LTERING:VARIANT_FILTRATION -
[-        ] POP…_FILTERING:SELECT_VARIANTS -
[-        ] POP…IANT_FILTERING:FILTER_SNPS -
[-        ] POP…_FILTERING:ADD_VARIANT_IDS -

executor >  slurm (65)
[b1/d4b703] POP…AD_TRIMMING:FASTP (395719) | 25 of 38
[d0/0b04a7] POP…Bgt_USA_2_genome_v1.fasta) | 1 of 1 ✔
[66/d227ed] POP…ERAGE:BWAMEM2_MEM (638193) | 0 of 25
[-        ] POP…RAGE:PICARD_MARKDUPLICATES -
[-        ] POP…UP_COVERAGE:SAMTOOLS_INDEX -
[-        ] POP…UP_COVERAGE:COVERAGE_STATS -
[-        ] POP…P_COVERAGE:GENOME_COVERAGE -
[-        ] POP…W:PREPARE_REFERENCE:GUNZIP -
[8a/754f58] POP…Bgt_USA_2_genome_v1.fasta) | 1 of 1 ✔
[75/a4e397] POP…Bgt_USA_2_genome_v1.fasta) | 1 of 1 ✔
[-        ] POP…LING:GATK4_HAPLOTYPECALLER -
[-        ] POP…CALLING:GATK4_COMBINEGVCFS -
[-        ] POP…ING:GATK4_INDEXFEATUREFILE -
[-        ] POP…ALLING:GATK4_GENOTYPEGVCFS -
[-        ] POP…LTERING:VARIANT_FILTRATION -
[-        ] POP…_FILTERING:SELECT_VARIANTS -
[-        ] POP…IANT_FILTERING:FILTER_SNPS -
[-        ] POP…_FILTERING:ADD_VARIANT_IDS -

executor >  slurm (66)
[b1/d4b703] POP…AD_TRIMMING:FASTP (395719) | 25 of 38
[d0/0b04a7] POP…Bgt_USA_2_genome_v1.fasta) | 1 of 1 ✔
[1d/6ad5ef] POP…ERAGE:BWAMEM2_MEM (395719) | 0 of 25
[-        ] POP…RAGE:PICARD_MARKDUPLICATES -
[-        ] POP…UP_COVERAGE:SAMTOOLS_INDEX -
[-        ] POP…UP_COVERAGE:COVERAGE_STATS -
[-        ] POP…P_COVERAGE:GENOME_COVERAGE -
[-        ] POP…W:PREPARE_REFERENCE:GUNZIP -
[8a/754f58] POP…Bgt_USA_2_genome_v1.fasta) | 1 of 1 ✔
[75/a4e397] POP…Bgt_USA_2_genome_v1.fasta) | 1 of 1 ✔
[-        ] POP…LING:GATK4_HAPLOTYPECALLER -
[-        ] POP…CALLING:GATK4_COMBINEGVCFS -
[-        ] POP…ING:GATK4_INDEXFEATUREFILE -
[-        ] POP…ALLING:GATK4_GENOTYPEGVCFS -
[-        ] POP…LTERING:VARIANT_FILTRATION -
[-        ] POP…_FILTERING:SELECT_VARIANTS -
[-        ] POP…IANT_FILTERING:FILTER_SNPS -
[-        ] POP…_FILTERING:ADD_VARIANT_IDS -

executor >  slurm (66)
[b1/d4b703] POP…AD_TRIMMING:FASTP (395719) | 25 of 38
[d0/0b04a7] POP…Bgt_USA_2_genome_v1.fasta) | 1 of 1 ✔
[1d/6ad5ef] POP…ERAGE:BWAMEM2_MEM (395719) | 0 of 25
[-        ] POP…RAGE:PICARD_MARKDUPLICATES -
[-        ] POP…UP_COVERAGE:SAMTOOLS_INDEX -
[-        ] POP…UP_COVERAGE:COVERAGE_STATS -
[-        ] POP…P_COVERAGE:GENOME_COVERAGE -
[-        ] POP…W:PREPARE_REFERENCE:GUNZIP -
[8a/754f58] POP…Bgt_USA_2_genome_v1.fasta) | 1 of 1 ✔
[75/a4e397] POP…Bgt_USA_2_genome_v1.fasta) | 1 of 1 ✔
[-        ] POP…LING:GATK4_HAPLOTYPECALLER -
[-        ] POP…CALLING:GATK4_COMBINEGVCFS -
[-        ] POP…ING:GATK4_INDEXFEATUREFILE -
[-        ] POP…ALLING:GATK4_GENOTYPEGVCFS -
[-        ] POP…LTERING:VARIANT_FILTRATION -
[-        ] POP…_FILTERING:SELECT_VARIANTS -
[-        ] POP…IANT_FILTERING:FILTER_SNPS -
[-        ] POP…_FILTERING:ADD_VARIANT_IDS -

executor >  slurm (66)
[32/20b86e] POP…AD_TRIMMING:FASTP (395724) | 26 of 38
[d0/0b04a7] POP…Bgt_USA_2_genome_v1.fasta) | 1 of 1 ✔
[1d/6ad5ef] POP…ERAGE:BWAMEM2_MEM (395719) | 0 of 26
[-        ] POP…RAGE:PICARD_MARKDUPLICATES -
[-        ] POP…UP_COVERAGE:SAMTOOLS_INDEX -
[-        ] POP…UP_COVERAGE:COVERAGE_STATS -
[-        ] POP…P_COVERAGE:GENOME_COVERAGE -
[-        ] POP…W:PREPARE_REFERENCE:GUNZIP -
[8a/754f58] POP…Bgt_USA_2_genome_v1.fasta) | 1 of 1 ✔
[75/a4e397] POP…Bgt_USA_2_genome_v1.fasta) | 1 of 1 ✔
[-        ] POP…LING:GATK4_HAPLOTYPECALLER -
[-        ] POP…CALLING:GATK4_COMBINEGVCFS -
[-        ] POP…ING:GATK4_INDEXFEATUREFILE -
[-        ] POP…ALLING:GATK4_GENOTYPEGVCFS -
[-        ] POP…LTERING:VARIANT_FILTRATION -
[-        ] POP…_FILTERING:SELECT_VARIANTS -
[-        ] POP…IANT_FILTERING:FILTER_SNPS -
[-        ] POP…_FILTERING:ADD_VARIANT_IDS -

executor >  slurm (67)
[32/20b86e] POP…AD_TRIMMING:FASTP (395724) | 26 of 38
[d0/0b04a7] POP…Bgt_USA_2_genome_v1.fasta) | 1 of 1 ✔
[69/6e67f1] POP…ERAGE:BWAMEM2_MEM (395724) | 0 of 26
[-        ] POP…RAGE:PICARD_MARKDUPLICATES -
[-        ] POP…UP_COVERAGE:SAMTOOLS_INDEX -
[-        ] POP…UP_COVERAGE:COVERAGE_STATS -
[-        ] POP…P_COVERAGE:GENOME_COVERAGE -
[-        ] POP…W:PREPARE_REFERENCE:GUNZIP -
[8a/754f58] POP…Bgt_USA_2_genome_v1.fasta) | 1 of 1 ✔
[75/a4e397] POP…Bgt_USA_2_genome_v1.fasta) | 1 of 1 ✔
[-        ] POP…LING:GATK4_HAPLOTYPECALLER -
[-        ] POP…CALLING:GATK4_COMBINEGVCFS -
[-        ] POP…ING:GATK4_INDEXFEATUREFILE -
[-        ] POP…ALLING:GATK4_GENOTYPEGVCFS -
[-        ] POP…LTERING:VARIANT_FILTRATION -
[-        ] POP…_FILTERING:SELECT_VARIANTS -
[-        ] POP…IANT_FILTERING:FILTER_SNPS -
[-        ] POP…_FILTERING:ADD_VARIANT_IDS -

executor >  slurm (67)
[bd/99a667] POP…AD_TRIMMING:FASTP (395728) | 27 of 38
[d0/0b04a7] POP…Bgt_USA_2_genome_v1.fasta) | 1 of 1 ✔
[69/6e67f1] POP…ERAGE:BWAMEM2_MEM (395724) | 0 of 27
[-        ] POP…RAGE:PICARD_MARKDUPLICATES -
[-        ] POP…UP_COVERAGE:SAMTOOLS_INDEX -
[-        ] POP…UP_COVERAGE:COVERAGE_STATS -
[-        ] POP…P_COVERAGE:GENOME_COVERAGE -
[-        ] POP…W:PREPARE_REFERENCE:GUNZIP -
[8a/754f58] POP…Bgt_USA_2_genome_v1.fasta) | 1 of 1 ✔
[75/a4e397] POP…Bgt_USA_2_genome_v1.fasta) | 1 of 1 ✔
[-        ] POP…LING:GATK4_HAPLOTYPECALLER -
[-        ] POP…CALLING:GATK4_COMBINEGVCFS -
[-        ] POP…ING:GATK4_INDEXFEATUREFILE -
[-        ] POP…ALLING:GATK4_GENOTYPEGVCFS -
[-        ] POP…LTERING:VARIANT_FILTRATION -
[-        ] POP…_FILTERING:SELECT_VARIANTS -
[-        ] POP…IANT_FILTERING:FILTER_SNPS -
[-        ] POP…_FILTERING:ADD_VARIANT_IDS -

executor >  slurm (68)
[bd/99a667] POP…AD_TRIMMING:FASTP (395728) | 27 of 38
[d0/0b04a7] POP…Bgt_USA_2_genome_v1.fasta) | 1 of 1 ✔
[2e/305f45] POP…ERAGE:BWAMEM2_MEM (395728) | 0 of 27
[-        ] POP…RAGE:PICARD_MARKDUPLICATES -
[-        ] POP…UP_COVERAGE:SAMTOOLS_INDEX -
[-        ] POP…UP_COVERAGE:COVERAGE_STATS -
[-        ] POP…P_COVERAGE:GENOME_COVERAGE -
[-        ] POP…W:PREPARE_REFERENCE:GUNZIP -
[8a/754f58] POP…Bgt_USA_2_genome_v1.fasta) | 1 of 1 ✔
[75/a4e397] POP…Bgt_USA_2_genome_v1.fasta) | 1 of 1 ✔
[-        ] POP…LING:GATK4_HAPLOTYPECALLER -
[-        ] POP…CALLING:GATK4_COMBINEGVCFS -
[-        ] POP…ING:GATK4_INDEXFEATUREFILE -
[-        ] POP…ALLING:GATK4_GENOTYPEGVCFS -
[-        ] POP…LTERING:VARIANT_FILTRATION -
[-        ] POP…_FILTERING:SELECT_VARIANTS -
[-        ] POP…IANT_FILTERING:FILTER_SNPS -
[-        ] POP…_FILTERING:ADD_VARIANT_IDS -

executor >  slurm (68)
[bd/99a667] POP…AD_TRIMMING:FASTP (395728) | 27 of 38
[d0/0b04a7] POP…Bgt_USA_2_genome_v1.fasta) | 1 of 1 ✔
[30/af0aed] POP…ERAGE:BWAMEM2_MEM (638175) | 1 of 27
[-        ] POP…RAGE:PICARD_MARKDUPLICATES -
[-        ] POP…UP_COVERAGE:SAMTOOLS_INDEX -
[-        ] POP…UP_COVERAGE:COVERAGE_STATS -
[-        ] POP…P_COVERAGE:GENOME_COVERAGE -
[-        ] POP…W:PREPARE_REFERENCE:GUNZIP -
[8a/754f58] POP…Bgt_USA_2_genome_v1.fasta) | 1 of 1 ✔
[75/a4e397] POP…Bgt_USA_2_genome_v1.fasta) | 1 of 1 ✔
[-        ] POP…LING:GATK4_HAPLOTYPECALLER -
[-        ] POP…CALLING:GATK4_COMBINEGVCFS -
[-        ] POP…ING:GATK4_INDEXFEATUREFILE -
[-        ] POP…ALLING:GATK4_GENOTYPEGVCFS -
[-        ] POP…LTERING:VARIANT_FILTRATION -
[-        ] POP…_FILTERING:SELECT_VARIANTS -
[-        ] POP…IANT_FILTERING:FILTER_SNPS -
[-        ] POP…_FILTERING:ADD_VARIANT_IDS -
Pulling Singularity image https://depot.galaxyproject.org/singularity/picard:3.4.0--hdfd78af_0 [cache /scratch/pawsey1142/kgagalova/pop_analysis/test_fastp/MycoPops/singularity_cache/depot.galaxyproject.org-singularity-picard-3.4.0--hdfd78af_0.img]

executor >  slurm (68)
[bd/99a667] POP…AD_TRIMMING:FASTP (395728) | 27 of 38
[d0/0b04a7] POP…Bgt_USA_2_genome_v1.fasta) | 1 of 1 ✔
[30/af0aed] POP…ERAGE:BWAMEM2_MEM (638175) | 1 of 27
[-        ] POP…RAGE:PICARD_MARKDUPLICATES | 0 of 1
[-        ] POP…UP_COVERAGE:SAMTOOLS_INDEX -
[-        ] POP…UP_COVERAGE:COVERAGE_STATS -
[-        ] POP…P_COVERAGE:GENOME_COVERAGE -
[-        ] POP…W:PREPARE_REFERENCE:GUNZIP -
[8a/754f58] POP…Bgt_USA_2_genome_v1.fasta) | 1 of 1 ✔
[75/a4e397] POP…Bgt_USA_2_genome_v1.fasta) | 1 of 1 ✔
[-        ] POP…LING:GATK4_HAPLOTYPECALLER -
[-        ] POP…CALLING:GATK4_COMBINEGVCFS -
[-        ] POP…ING:GATK4_INDEXFEATUREFILE -
[-        ] POP…ALLING:GATK4_GENOTYPEGVCFS -
[-        ] POP…LTERING:VARIANT_FILTRATION -
[-        ] POP…_FILTERING:SELECT_VARIANTS -
[-        ] POP…IANT_FILTERING:FILTER_SNPS -
[-        ] POP…_FILTERING:ADD_VARIANT_IDS -
Pulling Singularity image https://depot.galaxyproject.org/singularity/picard:3.4.0--hdfd78af_0 [cache /scratch/pawsey1142/kgagalova/pop_analysis/test_fastp/MycoPops/singularity_cache/depot.galaxyproject.org-singularity-picard-3.4.0--hdfd78af_0.img]

executor >  slurm (69)
[bd/99a667] POP…AD_TRIMMING:FASTP (395728) | 27 of 38
[d0/0b04a7] POP…Bgt_USA_2_genome_v1.fasta) | 1 of 1 ✔
[30/af0aed] POP…ERAGE:BWAMEM2_MEM (638175) | 1 of 27
[f1/74174a] POP…RD_MARKDUPLICATES (638175) | 0 of 1
[-        ] POP…UP_COVERAGE:SAMTOOLS_INDEX -
[-        ] POP…UP_COVERAGE:COVERAGE_STATS -
[-        ] POP…P_COVERAGE:GENOME_COVERAGE -
[-        ] POP…W:PREPARE_REFERENCE:GUNZIP -
[8a/754f58] POP…Bgt_USA_2_genome_v1.fasta) | 1 of 1 ✔
[75/a4e397] POP…Bgt_USA_2_genome_v1.fasta) | 1 of 1 ✔
[-        ] POP…LING:GATK4_HAPLOTYPECALLER -
[-        ] POP…CALLING:GATK4_COMBINEGVCFS -
[-        ] POP…ING:GATK4_INDEXFEATUREFILE -
[-        ] POP…ALLING:GATK4_GENOTYPEGVCFS -
[-        ] POP…LTERING:VARIANT_FILTRATION -
[-        ] POP…_FILTERING:SELECT_VARIANTS -
[-        ] POP…IANT_FILTERING:FILTER_SNPS -
[-        ] POP…_FILTERING:ADD_VARIANT_IDS -
Pulling Singularity image https://depot.galaxyproject.org/singularity/picard:3.4.0--hdfd78af_0 [cache /scratch/pawsey1142/kgagalova/pop_analysis/test_fastp/MycoPops/singularity_cache/depot.galaxyproject.org-singularity-picard-3.4.0--hdfd78af_0.img]

executor >  slurm (69)
[bd/99a667] POP…AD_TRIMMING:FASTP (395728) | 27 of 38
[d0/0b04a7] POP…Bgt_USA_2_genome_v1.fasta) | 1 of 1 ✔
[30/af0aed] POP…ERAGE:BWAMEM2_MEM (638175) | 1 of 27
[f1/74174a] POP…RD_MARKDUPLICATES (638175) | 0 of 1
[-        ] POP…UP_COVERAGE:SAMTOOLS_INDEX -
[-        ] POP…UP_COVERAGE:COVERAGE_STATS -
[-        ] POP…P_COVERAGE:GENOME_COVERAGE -
[-        ] POP…W:PREPARE_REFERENCE:GUNZIP -
[8a/754f58] POP…Bgt_USA_2_genome_v1.fasta) | 1 of 1 ✔
[75/a4e397] POP…Bgt_USA_2_genome_v1.fasta) | 1 of 1 ✔
[-        ] POP…LING:GATK4_HAPLOTYPECALLER -
[-        ] POP…CALLING:GATK4_COMBINEGVCFS -
[-        ] POP…ING:GATK4_INDEXFEATUREFILE -
[-        ] POP…ALLING:GATK4_GENOTYPEGVCFS -
[-        ] POP…LTERING:VARIANT_FILTRATION -
[-        ] POP…_FILTERING:SELECT_VARIANTS -
[-        ] POP…IANT_FILTERING:FILTER_SNPS -
[-        ] POP…_FILTERING:ADD_VARIANT_IDS -
Pulling Singularity image https://depot.galaxyproject.org/singularity/picard:3.4.0--hdfd78af_0 [cache /scratch/pawsey1142/kgagalova/pop_analysis/test_fastp/MycoPops/singularity_cache/depot.galaxyproject.org-singularity-picard-3.4.0--hdfd78af_0.img]

executor >  slurm (70)
[e5/837192] POP…AD_TRIMMING:FASTP (395722) | 28 of 38
[d0/0b04a7] POP…Bgt_USA_2_genome_v1.fasta) | 1 of 1 ✔
[50/4289f4] POP…ERAGE:BWAMEM2_MEM (395722) | 1 of 28
[f1/74174a] POP…RD_MARKDUPLICATES (638175) | 0 of 1
[-        ] POP…UP_COVERAGE:SAMTOOLS_INDEX -
[-        ] POP…UP_COVERAGE:COVERAGE_STATS -
[-        ] POP…P_COVERAGE:GENOME_COVERAGE -
[-        ] POP…W:PREPARE_REFERENCE:GUNZIP -
[8a/754f58] POP…Bgt_USA_2_genome_v1.fasta) | 1 of 1 ✔
[75/a4e397] POP…Bgt_USA_2_genome_v1.fasta) | 1 of 1 ✔
[-        ] POP…LING:GATK4_HAPLOTYPECALLER -
[-        ] POP…CALLING:GATK4_COMBINEGVCFS -
[-        ] POP…ING:GATK4_INDEXFEATUREFILE -
[-        ] POP…ALLING:GATK4_GENOTYPEGVCFS -
[-        ] POP…LTERING:VARIANT_FILTRATION -
[-        ] POP…_FILTERING:SELECT_VARIANTS -
[-        ] POP…IANT_FILTERING:FILTER_SNPS -
[-        ] POP…_FILTERING:ADD_VARIANT_IDS -
Pulling Singularity image https://depot.galaxyproject.org/singularity/picard:3.4.0--hdfd78af_0 [cache /scratch/pawsey1142/kgagalova/pop_analysis/test_fastp/MycoPops/singularity_cache/depot.galaxyproject.org-singularity-picard-3.4.0--hdfd78af_0.img]

executor >  slurm (71)
[5d/ddb2b7] POP…AD_TRIMMING:FASTP (395725) | 29 of 38
[d0/0b04a7] POP…Bgt_USA_2_genome_v1.fasta) | 1 of 1 ✔
[32/338536] POP…ERAGE:BWAMEM2_MEM (395725) | 1 of 29
[f1/74174a] POP…RD_MARKDUPLICATES (638175) | 0 of 1
[-        ] POP…UP_COVERAGE:SAMTOOLS_INDEX -
[-        ] POP…UP_COVERAGE:COVERAGE_STATS -
[-        ] POP…P_COVERAGE:GENOME_COVERAGE -
[-        ] POP…W:PREPARE_REFERENCE:GUNZIP -
[8a/754f58] POP…Bgt_USA_2_genome_v1.fasta) | 1 of 1 ✔
[75/a4e397] POP…Bgt_USA_2_genome_v1.fasta) | 1 of 1 ✔
[-        ] POP…LING:GATK4_HAPLOTYPECALLER -
[-        ] POP…CALLING:GATK4_COMBINEGVCFS -
[-        ] POP…ING:GATK4_INDEXFEATUREFILE -
[-        ] POP…ALLING:GATK4_GENOTYPEGVCFS -
[-        ] POP…LTERING:VARIANT_FILTRATION -
[-        ] POP…_FILTERING:SELECT_VARIANTS -
[-        ] POP…IANT_FILTERING:FILTER_SNPS -
[-        ] POP…_FILTERING:ADD_VARIANT_IDS -
Pulling Singularity image https://depot.galaxyproject.org/singularity/picard:3.4.0--hdfd78af_0 [cache /scratch/pawsey1142/kgagalova/pop_analysis/test_fastp/MycoPops/singularity_cache/depot.galaxyproject.org-singularity-picard-3.4.0--hdfd78af_0.img]
